name,lat,lon,town
Chiesetta San Valentino,45.6385048,11.3977294,Malo
Chiesetta di Restele,45.8781317,11.3045914,Longhi
Maria Ausiliatrice,45.8879163,11.0447089,Rovereto
Chiesetta del Carmine,45.6248031,11.3948993,Cereda-Cozza Cornedo
Chiesa Gentilata,45.6612328,11.3748491,Monte di Malo
Chiesa Parrochiale di San Giorgio,45.3571226,11.2807828,Arcole
Chiesa della SS Annunziata,45.7664445,11.7363598,Bassano del Grappa
Chiesa di San Rocco,45.6195295,10.4924065,Roe Volciano
chiesa di Santa Brigida,46.0192886,11.1048126,Romagnano
Chiesa della Nativita di Maria,46.0634052,11.2419539,Pergine Valsugana
Basilica di Sant'Antonio,45.4014621,11.8809333,Padova
Chiesa di San Carlo,46.0628669,11.2423333,Pergine Valsugana
Duomo Nuovo,45.5386164,10.2219581,Brescia
Duomo Vecchio,45.5382009,10.2217404,Brescia
Chiesa della Santissima Trinita,45.8835543,11.0208037,Isera
Chiesa di San Pietro in Mavino,45.4982198,10.6049325,Sirmione
Chiesa Collegiata di Santa Maria Assunta,45.9189664,10.8856744,Arco
Chiesa di Santa Maria del Giogo,45.6763554,10.1346078,Polaveno
Chiesa di San Rocco,46.0429345,11.1369973,Ravina
Santa Maria Maggiore,46.0686445,11.1196680,Trento
Chiesa di San Giorgio,46.0053494,11.1949900,Vigolo Vattaro
chiesa dei Santi Filippo e Giacomo,46.0634539,11.0967417,Trento
Chiesa di Santa Maria Maddalena,45.3188726,10.6589710,Volta Mantovana
Chiesa di San Martino,45.8833887,11.0699186,Trambileno
chiesa di Sant'Antonio di Padova,46.0706909,11.2768784,Vignola
Chiesa della Visitazione di Maria,45.7100649,10.4046093,Vestone
Chiesa di San Lorenzo,45.7140523,10.4060210,Vestone
Chiesa dei Santi Stefano e Giovanni Battista,45.7016717,10.3872247,Vestone
Chiesetta del Mucchione,45.6706460,11.3261376,Monte di Malo
Chiesa di San Marco,45.8886141,11.0458222,Rovereto
Chiesa di Sant'Urbano,45.6012889,11.5336835,Caldogno-Rettorgole-Cresole
Chiesa di San Carlo Borromeo,45.8272245,10.5095231,Ponte Caffaro
Chiesa della Madonna Regina del Rosario,45.8690176,10.5475360,Storo
Chiesa di San Luigi Gonzaga,45.5123640,10.2452473,San Zeno Naviglio
Chiesa delle Sante Bartolomea Capitanio e Vincenza Gerosa,45.5247310,10.2404673,Brescia
Chiesa dei Santi Faustino e Giovita,45.5437151,10.2200863,Brescia
Santuario Madonna della Stella,45.5953723,10.1774935,Cellatica
Chiesa della Sacra Famiglia,45.5744621,10.1757340,Fantasina
Chiesa di San Giorgio,45.5862097,10.1792767,Cellatica
Chiesa di San Rocco,45.5779661,10.1815077,Cellatica
Chiesa di Santo Stefano,45.5764658,10.1537125,Gussago
Chiesa della Madonna del Rosario,45.5489674,10.1601616,Roncadelle
Santuario della Madonna de la Salette,45.8683863,11.0758187,Moscheri
Chiesa Santissima Trinita,45.7247454,11.3624230,Schio
Chiesa di San Nicolo,45.8848435,11.0177723,Isera
Chiesa di San Lorenzo,45.9229095,11.0079977,Nogaredo
Chiesa di San Rocco,45.8969917,11.0436377,Rovereto
Sant Mario e Stefano,45.8697526,11.0737362,Trambileno
Chiesa San Marco,45.7579205,11.1855961,Recoaro Terme
Chiesa di San Lorenzo,45.9351063,11.0946241,Calliano
San Marco,45.8419985,11.0074600,Marco
Chiesa SS Filippo e Giacomo,45.6606228,11.6017059,Sandrigo
Duomo di Castiglione delle Stiviere - Santi Nazario e Celso,45.3919932,10.4872618,Castiglione delle Stiviere
Chiesa di Santa Giustina vergine e martire,45.2481571,11.6687645,Baone
Chiesa di San Giorgio,45.8502685,10.8238687,Riva del Garda
Santuario di Montecastello,45.7421608,10.7334159,Gardola
Chiesa di San Rocco,45.9086951,10.8080631,Tenno
Chiesa di San Giovanni,45.8699138,10.8193358,Riva del Garda
Chiesa di San Francesco,45.4659068,10.6056054,San Martino della Battaglia
Santa Appolonia,45.9225252,11.0334846,Villa Lagarina
Chiesetta di San Lorenzo,45.9252632,11.0341216,Villa Lagarina
Chiesa dell'Inviolata,45.8887344,10.8432573,Riva del Garda
Chiesa di Santa Maria Assunta,45.8856102,10.8421579,Riva del Garda
Santi Pietro e Paolo,45.8851901,10.8597427,Riva del Garda
Chiesa di Santa Lucia,45.9651829,10.8115924,Fiave
Chiesa di Sant'Eusebio,46.0931929,10.3335180,Berzo
Cappella Universitaria,45.5644755,10.2356641,Bovezzo
Chiesa dei Morti di Peste,46.0875666,10.3252992,Berzo
Chiesa di San Giacomo,45.9179795,10.9295868,Bolognano-Vignole
Chiesa di Maria Santissima di Loreto,45.8905048,11.0432327,Rovereto
Chiesa dei Santi Pietro e Paolo,45.5399273,10.3031758,Botticino
Chiesa dei Santi Faustino e Giovita,45.5451869,10.3195069,Botticino
Chiesa di Sant'Antonio da Padova,45.5029679,10.3652428,Molinetto
Pieve di Pontenove,45.4973029,10.4010444,Ponte San Marco
Chiesa di San Carlo Borromeo,45.8878365,11.0432180,Rovereto
Chiesa di Santa Maria del Suffragio,45.8871832,11.0441125,Rovereto
chiesa di Santa Chiara,46.0634767,11.1238961,Trento
Pieve di Santa Giustina,45.9376147,10.6387373,Creto
Chiesa di San Giuseppe,45.8558637,11.0602496,Trambileno
Chiesa di Santa Maria del Carmine,45.8837518,11.0418273,Rovereto
San Lorenzo,45.3554024,10.1414797,Manerbio
Santissimo,46.0623545,11.1232695,Trento
Fondazione Bruno Kessler,46.0626886,11.1241070,Trento
Chiesa San Giovanni Battista,45.8840012,11.0207466,Isera
San Valentino,45.7820615,10.9119013,Avio
Chiesa di Santa Lucia,45.8910676,10.6991971,Pieve di Ledro
Chiesa di Santa Maria Assunta,45.4853732,10.5031858,Padenghe sul Garda
Chiesa di San Bartolomeo,45.6736897,10.6472989,Gargnano
Chiesa di San Zenone,45.7535891,10.7333064,Gardola
Chiesa di San Francesco,45.6875509,10.6613792,Gargnano
Chiesa di San Tommaso,45.6841587,10.6572275,Gargnano
Regina Pacis,45.8063217,11.0588745,Marco
Centro Pastorale Parrocchiale Lizzana,45.8681701,11.0295969,Rovereto
Duomo Santa Maria Annunziata,45.6067539,10.5313514,Salo
San Floriano,45.8660862,11.0339377,Rovereto
Santuario Madonna del Caravaggio,46.0803808,10.9283493,San Lorenzo in Banale
San Vincenzo e Anastasio,45.8854065,11.0095073,Isera
Abbazia di San Lorenzo,46.0711990,11.1190424,Trento
Chiesa curaziale di San Lorenzo,45.9388944,10.6463128,Creto
chiesa di San Marco,46.0700650,11.1257858,Trento
Chiesa di San Zenone,46.0865987,10.3376735,Berzo
Chiesa dell'Annunciazione,46.0914259,10.3527674,Cedegolo
Santi Pietro e Paolo,46.0693073,11.1249178,Trento
Chiesa di San Martino,45.6905814,10.6647633,Gargnano
Chiesa di Sant'Ambrogio,45.8893803,10.1704302,Darfo
Chiesa della Nativita,45.8911024,10.1674089,Angolo Terme
Chiesa di San Rocco,45.8911277,10.1780655,Darfo Boario Terme
San Rocco,45.3206575,10.3702716,Visano
Chiesa parrocchiale di San Tarcisio,45.4497298,11.6388290,Villaganzerla
chiesa di San Francesco Saverio,46.0699186,11.1211624,Trento
Chiesa degli Eremitani,45.4104394,11.8798147,Padova
Chiesa di San Martino,45.8705627,10.7262044,Pieve di Ledro
Chiesa di San Rocco,45.9176266,10.8922365,Arco
chiesa di San Giacomo Maggiore,45.8666398,10.7882081,Molina di Ledro
Chiesa di Sant'Antonio,45.8648061,10.8043561,Molina di Ledro
Chiesa di San Lorenzo,45.8768173,10.5990512,Condino
Chiesa della Dedicazione di San Michele Arcangelo,45.8815652,10.7520430,Pieve di Ledro
Chiesa di San Giovanni Evangelista,45.9226984,10.9026655,Bolognano-Vignole
Chiesa di San Martino,45.9265732,10.8980591,Arco
Antica Pieve di S. Maria,45.7116622,11.3223216,Torrebelvicino
Chiesa di San Rocco,45.8200663,10.9590214,Brentonico
Sant'Antonio,45.8989874,10.9514097,Ronzo-Chienis
Sant'Antonio di Padova,45.9082715,11.1334842,Folgaria
Chiesa di Santo Stefano,45.6409382,11.6088005,Poianella
Chiesa di Santa Giulia,45.5822120,10.2333539,Bovezzo
Chiesa di San Bartolomeo,45.9463193,10.6202091,Daone
Chiesa della Madonna della Neve,45.9766585,10.5478122,Daone
Chiesa della Presentazione di Maria,45.9058093,10.7288489,Pieve di Ledro
Chiesa di San Pietro,45.9490234,10.6371483,Praso
Chiesetta di San Giovanni Nepomuceno,45.8395811,10.7757641,Limone sul Garda
Chiesa di Sant'Antonio,45.8528517,10.7971832,Molina di Ledro
Chiesa di Santa Maria Assunta,45.2688069,11.7193280,Arqua Petrarca
Oratorio Santissima Trinita,45.2698559,11.7167416,Arqua Petrarca
Chiesa di San Giorgio,45.2662162,11.6868907,Baone
Chiesa di San Biagio,45.2742758,11.6908490,Arqua Petrarca
Ex chiesetta del Carmine,45.2448782,11.7480844,Monselice
Chiesa di Santa Lucia,45.2826606,11.6705008,Fontanafredda
Chiesa della Presentazione di Maria,45.8386532,10.9706980,Mori
Chiesa di San Silvestro,45.9122234,10.7266236,Pieve di Ledro
Chiesa di San Martino,45.9008388,10.7268874,Pieve di Ledro
Chiesa di Santo Stefano,45.8967469,10.7185312,Pieve di Ledro
Chiesa di San Bartolomeo,45.8936283,10.6854734,Pieve di Ledro
Chiesa del Pigozzo,45.2946876,11.7887930,Battaglia Terme
Chiesa di San Pantaleone,46.0898140,11.0482707,Terlago
Chiesa dell'Immacolata e dei Santi Fabiano e Sebastiano,46.0046870,10.8417047,Fiave
Chiesa di Sant'Antonio abate,46.0078498,10.8491115,Fiave
Chiesa di San Vigilio,45.8704518,10.7730670,Molina di Ledro
Chiesa di Fontanafredda,45.2917982,11.6598759,Fontanafredda
Nativita della Beata Vergine Maria,45.3208352,11.6520389,Vo
Chiesa di Valnogaredo,45.2996852,11.6609403,Fontanafredda
Chiesa di Cinto Euganeo,45.2768155,11.6611578,Fontanafredda
Chiesa di Santa Maria Assunta,45.4796760,10.2009571,Folzano
chiesa della Santissima Annunziata,46.0678615,11.1216748,Trento
Chiesa Sant'Antonio Abate,46.0281803,10.8273587,Bleggio Superiore
Santuario Madonna delle Grazie,45.9135503,11.1883951,Folgaria
chiesa di San Zeno,46.0329308,10.7385708,Bolbeno
Chiesa della Conversione di San Paolo,45.4834077,10.1753164,Flero
"Santuario ""Monte della Madonna""",45.3585775,11.6551043,Bastia
Oratorio di Sant'Antonio Abate,45.3529335,11.6584321,Vo
Chiesa di San Biagio,45.3309139,11.6871673,Treponti
Chiesa di Sant'Antonio Abate,46.0919033,10.7300115,Pelugo
Chiesa di San Zeno,46.0885776,10.7250031,Pelugo
Chiesa di San Martino,45.7682393,11.0007651,Ala
Chiesa di San Lorenzo,45.7392052,11.0668704,Ala
Chiesa di Santa Maria Assunta,45.7557056,11.0067396,Ala
Chiesa di San Giovanni,45.7566783,11.0045185,Ala
Chiesetta di San Giuseppe,45.7195873,11.4590512,Zane
Chiesa di San Benedetto,45.5990209,10.5157251,Salo
Maria Ausiliatrice,45.7946790,11.1058194,Vallarsa
Chiesa di San Giovanni,45.5961663,10.5373250,Salo
Chiesa di San Fermo,45.5889957,10.5735073,San Felice del Benaco
Chiesa di San Biagio,45.2525454,11.5459780,Saletto
Chiesa di Santa Croce,45.2568712,11.5812318,Lozzo Atestino
Chiesa del Cuore Immacolato di Maria,45.2933446,11.5786500,Lozzo Atestino
San Martino,45.9452401,11.0277618,Pomarolo
"Oratorio della Beta Vergine ""Alla Croce""",45.3601623,11.6912089,Treponti
Santa Maria Annunziata,45.3549925,11.6861439,Treponti
Santa Margherita,46.0683880,11.1185366,Trento
Nativita di Maria,45.8171051,10.9696700,Brentonico
Chiesa di Santa Maria in Silva,45.5323610,10.2093809,Brescia
San Rocco,45.7820521,11.1169676,Vallarsa
Abbazia di Praglia,45.3638833,11.7352891,San Biagio
Santa Maria Madre della Chiesa,45.3689177,11.7159873,Treponti
Monastero San Daniele,45.3448418,11.7653362,Montegrotto Terme
Chiesa Santa Chiara D' Assisi,46.0612255,11.0815376,Cadine
Chiesa di San Michele,45.3875372,10.6950772,Monzambano
Parrocchia Beato Andrea,45.4340319,10.6830121,Peschiera del Garda
chiesa della Beata Maria Vergine della Neve,46.0418047,11.3094176,Levico Terme
Santuario Cristo della Strada,45.6094913,10.8517261,Dolce
Chiesa di Santa Maria Assunta,45.7119847,10.3396229,Mura
Chiesa della Madonna della Neve,45.6980624,10.5608123,Capovalle
Chiesa di Santa Maria della Neve,45.4160136,10.1517522,Bagnolo Mella
Santuario della Madonna di Roane,45.7166065,10.5051149,Crone
Ex Chiesa di San Pietro,45.7383660,10.7230778,Gardola
Chiesa di San Lorenzo,45.7416186,10.7189805,Gardola
Chiesa di San Rocco,45.7353167,10.7192595,Gardola
Chiesa di San Marco,45.7261242,10.7091440,Gardola
Chiesa di San Giuseppe,46.0023426,11.2241010,Bosentino-Migazzone
San Valentino,46.0075099,11.1566704,Mattarello
Chiesa dei Santi Fabiano e Sebastiano,46.0798800,11.2624810,Pergine Valsugana
chiesa dei Santi Cosma e Damiano,46.0818005,11.1021738,Trento
Chiesa di Santa Maria dell'Assunta,45.5934629,10.1540488,Piazza
Chiesa di Cristo Sacerdote,45.5895984,10.2378898,Bovezzo
Chiesa della Trasfigurazione,45.3302198,10.2338680,Castelletto
Chiesa di Santa Maria Assunta,45.6354240,11.3772933,Monte di Malo
Chiesa Madonna del Rosario,45.2537185,11.6424252,Este
Chiesa di San Vincenzo,45.4550451,10.4130189,Calcinato
Chiesa della Santissima Trinita,45.8701013,10.7722301,Molina di Ledro
Chiesa di San Rocco,46.0000684,10.8402250,Fiave
Chiesa dei Santi Pietro e Paolo,45.8886085,10.6706588,Prezzo
Chiesetta di Croce,45.8631862,10.6579624,Cimego
San Giacomo Maggiore Apostolo,46.0165163,11.6326655,Grigno
Chiesa di San Bernardino da Siena,45.5294030,10.1498175,Roncadelle
Chiesa di San Lorenzo,45.7827842,10.7627417,Pieve
Chiesa di San Giovanni Battista,45.7705052,10.7599421,Pieve
Sant'Agata,45.8695272,10.9613639,Ronzo-Chienis
chiesa di San Giovanni Battista,46.0436545,11.2260222,Pergine Valsugana
Chiesa di Collicello,45.9109433,11.7183384,Cismon del Grappa
Chiesa S. Valentino,45.9143229,11.6853699,Enego
Chiesa Sacro Cuore,45.9151111,11.6751358,Enego
Chiesa di San Giuseppe Operaio,45.9426101,11.7140551,Enego
Santo Stefano,45.8797378,11.6782450,Valstagna
Nostra Signora di Pedancino,45.9313981,11.7336256,Cismon del Grappa
Sacrario Militare,45.9583024,11.6791714,Enego
Santa Margherita,46.0337645,11.3926922,Roncegno
Chiesa di Sant'Agostino,46.0225428,11.3663496,Novaledo
Chiesetta Almici,45.7584049,10.1622729,Zone
S. Uldarico,46.0892215,11.2972110,Frassilongo
Madonna dell'Onda,45.8543837,11.6654007,Valstagna
Chiesetta della Madonna del Buso,45.8885813,11.6036598,Foza
Chiesa San Giovanni Battista,45.8788440,11.6125603,Foza
Madonna del Buso,45.8885006,11.6034905,Foza
Chiesa di Santa Maria Annunziata,45.6927233,11.4295698,Marano Vicentino
Chiesetta della Campanella,45.8914008,11.5799680,Gallio
San Sisto,45.8535990,11.5189524,Asiago
Chiesetta di S. Rocco,45.8729395,11.5102295,Asiago
San Nicolo,45.5049323,10.7319272,Lazise
Chiesa di Santa Maria Maggiore,45.4932498,10.6081376,Sirmione
Duomo di San Matteo,45.8754854,11.5074648,Asiago
Chiesa di Sant'Antonino Martire,45.6070942,10.2205693,Concesio
San Marco Evangelista,45.8651913,11.4738068,Canove di Roana
Chiesa della Madonna dello Spasimo,45.2978724,10.2076213,Pavone del Mella
Chiesetta del Crocefisso,45.6444116,11.0911932,Velo Veronese
Chiesa di Santa Maria Maddalena,45.4714737,10.5391319,Desenzano del Garda
Chiesa di San Paterio,46.0781303,10.2904928,Paisco Loveno
Chiesa di San Bartolomeo,45.3651559,11.7623765,Abano Terme
Chiesa Parrocchiale,45.2898552,10.2703884,Gottolengo
Chiesetta degli Alpini,45.8949058,10.3487752,Prestine
Chiesa dei Santi Pietro e Paolo,45.3668809,10.2192733,Leno
Chiesa di Sant'Antonio da Padova,45.5539721,10.4005426,Paitone
Santuario della Beata Vergine della Consolazione,45.9302926,10.3086365,Prestine
Chiesa di San Lazzaro,45.4151022,11.9163556,Cadoneghe
Chiesa di Granze,45.3799982,11.9396644,Ponte San Nicolo
Associazione culturale Talea Teatro,45.3875593,11.9407005,Villatora
San Nicolo,45.3658669,11.9370119,Ponte San Nicolo
San Basilio Magno,45.3728370,11.9182552,Ponte San Nicolo
San Fidenzio,45.3444639,11.9374321,Ponte San Nicolo
Chiesa vecchia di Salboro,45.3592857,11.8909869,Albignasego
Oratorio di San Michele,45.3526903,11.8997744,Albignasego
Chiesa Santa Maria Assunta,45.3598108,11.8910358,Albignasego
San Tommaso,45.3495899,11.8649840,Albignasego
San Giacomo,45.3636937,11.8424109,Mandriola-Sant'Agostino
Chiesa di Mandria,45.3698770,11.8410130,Mandriola-Sant'Agostino
Santa Maria Anunziata,45.3588577,11.8684825,Mandriola-Sant'Agostino
Abbazia di Santa Giustina,45.3961719,11.8796116,Padova
Sant'Alberto Magno,45.3968795,11.8680943,Padova
Parrocchia San Paolo,45.3904926,11.8961035,Padova
Chiesa della Madonna Pellegrina,45.3886705,11.8797878,Padova
Chiesa dei Santi Pietro e Paolo,45.3785869,11.9025363,Ponte San Nicolo
Parrocchia di Santa Teresa di Gesu Bambino,45.3823910,11.8731307,Mandriola-Sant'Agostino
San Martino Vescovo,45.3900958,11.8367340,Mandriola-Sant'Agostino
Santi Fabiano e Sebastiano,45.3963924,11.8329112,Caselle
Chiesa di Santa Croce,45.3930645,11.8710649,Padova
Chiesa Santa Maria Assunta,45.3850685,11.8652507,Mandriola-Sant'Agostino
San Leopoldo Mandic,45.3928710,11.8699555,Padova
Santa Rita,45.3942568,11.8872211,Padova
San Prosdocimo,45.4066540,11.8648435,Padova
Chiesa del Torresino,45.4004143,11.8720632,Padova
Chiesa di San Benedetto Vecchio,45.4096222,11.8669821,Padova
Chiesa Cattolica Parrocchiale Nativita,45.4172406,11.8628665,Padova
Chiesa di San Luca Evangelista,45.4032664,11.8731736,Padova
Chiesa di San Nicolo,45.4087178,11.8725626,Padova
Chiesa delle Dimesse,45.3999319,11.8698282,Padova
San Tomaso Becket,45.4031063,11.8691092,Padova
Chiesa di San Benedetto Novello,45.4084596,11.8672302,Padova
Chiesa di Santa Maria in Vanzo,45.4011230,11.8729539,Padova
San Girolamo,45.4093383,11.8594070,Padova
Chiesa di San Pietro,45.4087088,11.8687841,Padova
Chiesa della Sacra Famiglia,45.3991662,11.8629401,Padova
Chiesa di Sant'Agnese,45.4101781,11.8731652,Padova
Chiesa del Beato Antonio Pellegrino,45.4141911,11.8717552,Padova
Duomo di Padova,45.4065164,11.8712598,Padova
Santa Maria Assunta,45.4147093,11.8362915,Caselle
Chiesa di Sant'Antonio di Vienna,45.4118343,11.8680401,Padova
Chiesa di Sant'Ignazio da Loyola,45.4231637,11.8532850,Padova
San Giuseppe,45.4046905,11.8592098,Padova
Chiesa di San Canziano,45.4063837,11.8762816,Padova
Chiesa di San Gaetano,45.4083962,11.8819728,Padova
San Prosdocimo,45.4001007,11.8858449,Padova
Chiesa di San Francesco,45.4048509,11.8805876,Padova
Chiesa di Santa Maria dei Servi,45.4045792,11.8756493,Padova
Chiesa di San Daniele,45.4010470,11.8762088,Padova
Santuario dell'Arcella,45.4216060,11.8865061,Padova
Chiesa di Santa Margherita,45.4053690,11.8807031,Padova
Chiesa di Santa Caterina,45.4042820,11.8840931,Padova
Chiesa di Maria Vergine,45.4126356,11.8780286,Padova
Cappella degli Scrovegni,45.4118604,11.8794911,Padova
Santa Sofia,45.4073067,11.8848026,Padova
Chiesa di San Fermo,45.4111919,11.8751025,Padova
Chiesa di Ognissanti,45.4070179,11.8964114,Padova
Chiesa di Sant'Andrea,45.4084421,11.8769720,Padova
Chiesa della Beata Vergine Maria Immacolata,45.4074662,11.8895213,Padova
Basilica del Carmine,45.4131962,11.8741070,Padova
Chiesa di San Gregorio Magno,45.4058499,11.9114986,Padova
San Pio X,45.4135348,11.9034901,Padova
Santa Lucia,45.4087542,11.8753404,Padova
Chiesa di San Clemente,45.4075958,11.8741678,Padova
Oratorio San Rocco,45.4089180,11.8750757,Padova
Chiesa del Buon Pastore,45.4241969,11.8793032,Padova
Chiesa San Giovanni Battista,45.4456853,11.8941833,Vigodarzere
Chiesa di San Bellino,45.4323064,11.8796528,Padova
San Carlo,45.4285663,11.8901287,Padova
Santo Stefano Re d'Ungheria,45.3999935,11.8287570,Caselle
Chiesa di San Maurizio,45.9543020,10.3067179,Breno
Chiesa di San Salvatore,45.9552889,10.3022871,Breno
Auditorium San Barnaba e San Lodovico Pavoni,45.5356936,10.2262209,Brescia
San Barnaba apostolo,45.8243787,11.2728452,Laghi
Chiesa di San Giorgio,45.5478742,10.5710524,Solarolo
Chiesa di San Zenone,45.5455596,10.4144195,Prevalle
Chiesetta degli Alpini,45.5916252,10.4970984,San Giacomo
Chiesa di San Giacomo,45.5927451,10.4730215,San Giacomo
Chiesa di San Rocco,45.5891195,10.4620074,Villanuova sul Clisi
Santa Margherita,45.6246426,11.8177631,Tombolo
Sant'Antonio,45.6845412,10.7504766,Brenzone
Duomo - San Lorenzo,45.3603754,11.7905814,Abano Terme
Chiesetta di Sant'Anna,45.8604307,10.7091466,Pieve di Ledro
Chiesa della Misericordia,45.5526673,11.5420939,Vicenza
Ex chiesa di San Biagio,45.5505256,11.5432700,Vicenza
Chiesa di Sant'Andrea Apostolo,45.5506683,11.5621241,Vicenza
Oratorio dei Boccalotti,45.5492005,11.5525280,Vicenza
Parrocchia di San Giovanni Battista,45.5730443,11.5448255,Vicenza
Chiesa dei Santi Apostoli,45.4407353,10.9923724,Verona
Cattedrale di Santa Maria Matricolare,45.4472377,10.9970148,Verona
Chiesa di San Luca Evangelista,45.4374488,10.9908351,Verona
Santi Angeli Custodi,45.4336035,10.9724998,Verona
Parrocchia di san Nicola Taumaturgo,45.4440104,10.9943485,Verona
Chiesa di San Giovanni in Foro,45.4429854,10.9953023,Verona
San Pietro apostolo,45.4473957,10.9872645,Verona
San Domenico Savio,45.4431344,10.9597765,Verona
Santa Maria Regina,45.4486327,10.9721539,Verona
San Bernardino,45.4387955,10.9812336,Verona
Chiesa di Santa Maria della Scala,45.4410974,10.9968726,Verona
Chiesa di San Tomio,45.4419295,10.9975303,Verona
Chiesa di San Nicolo,45.4396878,10.9953581,Verona
Chiesa degli Scalzi,45.4369715,10.9847695,Verona
Chiesa della Santissima Trinita in Monte Oliveto,45.4334965,10.9931110,Verona
Chiesa di San Giorgio in Braida,45.4488819,10.9959346,Verona
Tempio votivo,45.4308477,10.9816710,Verona
Chiesa di San Zeno in Oratorio,45.4396528,10.9859022,Verona
Chiesa di Sant'Eufemia,45.4433001,10.9938185,Verona
San Francesco d'Assisi,45.4434349,10.9891865,Verona
Chiesa di San Lorenzo,45.4412531,10.9912069,Verona
Chiesa delle Stimate,45.4351394,10.9931285,Verona
Chiesa Valdese,45.4461541,10.9977241,Verona
Chiesa di San Procolo,45.4420390,10.9790875,Verona
Santa Maria Immacolata,45.4406306,10.9678144,Verona
Gesu Divino Lavoratore,45.4108118,10.9931914,Verona
Santuario di Santa Teresa di Gesu Bambino,45.4183244,10.9865567,Verona
Madonna della Fraternita,45.4131440,10.9625848,Verona
Chiesa di San Giuliano,45.5484083,11.5573939,Vicenza
Oratorio delle Zitelle,45.5417501,11.5515946,Vicenza
Chiesa di San Lorenzo,45.5488133,11.5418095,Vicenza
Chiesa di San Pietro,45.5490405,11.5529483,Vicenza
Cattedrale di Santa Maria Annunciata,45.5463315,11.5439304,Vicenza
Chiesa di San Giorgio in Gogna,45.5391073,11.5372801,Vicenza
Chiesa di San Silvestro,45.5414575,11.5482025,Vicenza
Oratorio di San Nicola,45.5457888,11.5485672,Vicenza
Chiesa di Santa Maria Nova,45.5482918,11.5374884,Vicenza
Chiesa Santi Felice e Fortunato,45.5440813,11.5330670,Vicenza
Chiesa di Santa Caterina in Porto,45.5379111,11.5567123,Vicenza
Chiesa di San Pancrazio Al Porto,45.4331303,11.0200904,Verona
Santa Toscana,45.4400635,11.0139112,Poiano
Chiesa dei Padri Filippini,45.4369494,10.9995032,Verona
San Michele Arcangelo,45.4353818,11.0401201,Montorio
San Pio X,45.4453065,11.0172690,Poiano
Chiesa di Sant'Anastasia,45.4453105,11.0000326,Verona
San Giuseppe fuori le mura,45.4417055,11.0196120,Poiano
San Giorgetto,45.4451368,10.9992543,Verona
San Nazaro e Celso,45.4412698,11.0087757,Verona
San Paolo,45.4389268,11.0043727,Verona
San Benedetto Valdonega,45.4548788,11.0020106,Poiano
Santa Croce,45.4494853,11.0259063,Poiano
S.S. Apostoli Pietro e Paolo,45.4743077,11.0134387,Poiano
San Giuseppe in Santa Maria Assunta,45.4600840,11.0651525,Montorio
San Rocco,45.4657711,10.9704234,Parona
Sacro Cuore di Gesu,45.4565132,10.9825974,Verona
Eremo di San Rocchetto,45.4686281,10.9702828,Parona
Camaldola,45.4735009,10.9906387,Poiano
Spirito Santo,45.4501577,10.9781457,Verona
Santa Maria Ausiliatrice,45.4594256,10.9786721,Verona
Santuario Nostra Signora di Lourdes,45.4546087,10.9945358,Verona
Chiesa San Bernardo,45.4724754,10.9896650,Poiano
San Pietro Martire,45.4493143,10.9978517,Verona
Santa Maria Maddalena,45.4531852,10.9650731,Verona
Parrocchia di San Rocco in Castiglione,45.4141424,11.0539626,San Giovanni Lupatoto
Monastero Di Clausura Serve di Maria Oblate Sacerdotali,45.4195627,11.0064893,Verona
chiesa della Nativita di Maria,46.0536678,11.4595225,Borgo
Chiesa di Santa Maria Maddalena,45.5696451,11.4992113,Crispi Cavour
Santa Bertilla,45.5511484,11.5245486,Vicenza
Santa Anna,46.0533640,11.4571122,Borgo
San Francesco,46.0545279,11.4577981,Borgo
Chiesa di Santa Maria Antica,45.4434830,10.9989207,Verona
San'Antonio da Padova,46.0407864,11.4645621,Borgo
Chiesa di Montegaldella,45.4354280,11.6746471,Montegaldella
Chiesa di San Marco,45.4475968,11.6708061,Montegalda
Chiesa di Santa Giustina,45.4480603,11.6764063,Montegalda
Chiesa di Sant'Agostino,45.5168306,11.5118102,Creazzo
Sant'Antonio Abate,45.4579898,10.9464429,Parona
Oratorio di Beata Vergine del Carmine,45.4817695,11.6152133,Longare
Ognissanti,45.4457618,10.9407394,Parona
Chiesa di San Massimo,45.4388489,10.9453472,Parona
Parrocchia di San Clemente,45.5468097,10.9946891,Stallavena-Lugo
Chiesa di Alcenago,45.5478903,10.9959879,Stallavena-Lugo
Chiesa di San Biagio,45.5023098,11.4912137,Altavilla Vicentina
Chiesa di S.Urbano Papa e Martire,45.5106379,11.4697284,Altavilla Vicentina
SS. Redentore E San Urbano Papa,45.5107806,11.4625628,Altavilla Vicentina
Santa Maria della neve,45.4442272,11.0780331,Montorio
Chiesa parrocchiale Beato Carlo Steeb,45.4337393,11.0537108,Montorio
San Giovanni Evangelista,45.4182380,10.9562915,Verona
Santuario Madonna della Salute,45.4056760,10.9294383,Dossobuono
Santa Lucia,45.4221703,10.9518732,Verona
Duomo di Costabissara,45.5827836,11.4840854,Costabissara
Duomo di Costabissara,45.5829835,11.4840115,Costabissara
Duomo di Costabissara,45.5831462,11.4838538,Costabissara
Duomo di Costabissara,45.5829141,11.4838943,Costabissara
Oratorio di San Valentino,45.5785378,11.4781659,Costabissara
Oratorio di Sant'Apollonia,45.5827911,11.4818570,Costabissara
Duomo di Costabissara,45.5829234,11.4840266,Costabissara
Duomo di Costabissara,45.5829614,11.4837613,Costabissara
Duomo di Costabissara,45.5826804,11.4839547,Costabissara
Missionari Comboniani,45.4480979,11.0067288,Poiano
Chiesa di San Pietro in Oliveto,45.5423859,10.2293984,Brescia
San Tomaso Cantuariense,45.4422201,11.0030457,Verona
Chiesa San Zeno in Monte,45.4446674,11.0079865,Poiano
Chiesa di Gesu Cristo dei Santi degli Ultimi Giorni,45.4458547,11.0141050,Poiano
Chiesa di San Benedetto Abate,45.5433570,11.6021045,Villaggio Montegrappa
Chiesetta degli Alpini,45.5850532,10.4060640,Vallio Terme
Chiesa di San Tommaso,45.8026043,11.9569993,Maser
Tempietto Barbaro,45.8121582,11.9785867,Maser
Chiesa di Madonna della Salute,45.7787421,11.9697803,Altivole
Chiesetta di SAN MARTINO,45.8213809,11.8818630,Castelcucco
Cattedrale di Santa Maria Assunta,45.8018715,11.9137701,Asolo
Ex convento di San Pietro,45.8037095,11.9144122,Asolo
Madonna del Popolo,45.3577696,10.8372394,Villafranca di Verona
Duomo,45.3521024,10.8454234,Villafranca di Verona
Chiesa dei Frati Francescani,45.3508324,10.8410366,Villafranca di Verona
Chiesa parrocchiale di San Girolamo,45.3438109,10.8080694,Rosegaferro
Chiesa di San Giovanni Battista,45.3732074,10.9138364,Alpo
Chiesetta di San Giacomo,45.7787318,11.7683034,Romano d'Ezzelino
Chiesa di San Giacomo Maggiore,46.0630479,10.8111942,Ragoli
Chiesa di San Benedetto Abate,45.5433838,11.6020649,Villaggio Montegrappa
ADI,45.5467895,11.6150541,Villaggio Montegrappa
Santuario della Madonnina,45.3839073,11.0419234,San Giovanni Lupatoto
Chiesa,45.3801181,11.0510390,San Giovanni Lupatoto
Duomo di Lonato,45.4605286,10.4850941,Lonato
Chiesetta di Sant'Agata,45.7659351,11.6850641,Marostica
Chiesa San Giorgio,45.7259111,11.3302633,Torrebelvicino
Madonna della Salute,45.8183687,11.6883609,Campolongo sul Brenta
Nativita della Beata Vergine Maria,45.8049715,11.6582137,San Nazario
Chiesa di S. Ambrogio,45.7888888,11.6945948,Campese
Chiesa di Monfumo,45.8316148,11.9201477,Monfumo
Chiesa di Villa D'Asolo,45.7714005,11.9000107,Villa d'Asolo
Chiesetta Ospedale,45.7967569,11.9128095,Asolo
Cappella Villa Albrizzi,45.7918287,11.8336727,San Zenone degli Ezzelini
Chiesa di San Bernardo,45.7201502,10.3843301,Vestone
Chiesa di San Rocco,45.7396162,10.3538297,Pertica Alta
Chiesa della Visitazione di Maria Vergine,45.5241879,10.2680139,Buffalora-Bettole
Chiesa di San Gottardo,45.5430368,10.2506434,Brescia
Santuario di Sant'Emiliano e Tirso,45.6823132,10.2286050,Marcheno
Chiesa di San Michele Arcangelo,46.0905176,11.2809091,Frassilongo
Chiesetta della Madonna di Luordes,45.8209822,11.8540641,Paderno
Chiesetta di San Paolo,45.8196442,11.8469857,Paderno
Santuario Santa Maria Salus Infirmorum,45.6635386,11.6668577,Pozzoleone
San Giacomo,46.0172411,11.9069899,Feltre
San Giovanni Nepomuceno,46.0176937,11.9046072,Feltre
Concattedrale di San Pietro Apostolo,46.0167472,11.9095729,Feltre
San Rocco,46.0188297,11.9100658,Feltre
Madonna di Onea,46.0569507,11.4454933,Borgo
Chiesa di Sant'Ulderico,45.4979244,10.9018155,Corrubbio
Chiesa di San Martino e San Rocco,45.4858133,10.9022119,Corrubbio
Chiesa di San Rocco,45.4807423,10.8667177,Pescantina
Santa Maria Maggiore,45.4744585,10.8469775,Bussolengo
Chiesa di San Michele,45.4816992,10.8430941,Bussolengo
San Rocco,45.4713367,10.8555607,Bussolengo
Cristo Risorto,45.4656021,10.8540169,Bussolengo
Chiesa di San Giacinto,45.5229031,10.2111022,Brescia
Chiesa della Sacra Famiglia,45.9164322,10.2175032,Piamborno
Cappella di Sant'Adalberto,46.0582141,11.1378556,Povo
Parrocchia di Vanoni,45.3143788,10.7624811,Malavicina
Cappella Regina Pacis,45.3325928,10.7866040,Quaderni
Chiesetta di Bella Venezia,45.6862601,11.9170149,Castelfranco Veneto
Pieve Romanica,45.5178235,10.9077920,Pedemonte
Chiesa di San Pietro ap.,45.5147964,10.8779195,San Pietro in Cariano
Santa Maria dell'Ospedale di Mezzacampagna,45.5058094,10.8444749,Ospedaletto
Chiesa di San Marco al Pozzo,45.5307489,10.9058586,Valgatara
Chiesetta di San Micheletto,45.5341096,10.8762141,Fumane
Santa Maria del Degnano,45.5366140,10.8919330,Fumane
San Benedetto,45.4453083,10.6682985,Peschiera del Garda
Sancto Carolo,45.3696750,10.5669768,Solferino
Chiesa dei Santi Faustino e Giovita,45.5272047,10.2905258,Botticino
Chiesa di San Rocco,45.5869932,10.2957925,Nave
Pieve della Mitria,45.5898489,10.3080947,Caino
Madonna del Cinale,45.8623180,10.7953795,Molina di Ledro
Chiesa di San Fiorano,45.5378858,10.2382454,Brescia
Santuario della Madonna della Salute,45.5538395,10.2318600,Brescia
Chiesetta di Sant'Andrea,45.8549950,11.8451209,Paderno
San Giacomo,45.8550158,11.8829505,Possagno
Tempio del Canova,45.8582063,11.8781360,Possagno
San Pancrazio,45.8308355,11.8410460,Crespano del Grappa
Chiesa Parrocchiale di Paderno del Grappa,45.8264730,11.8519758,Paderno
Duomo San Marco,45.8288131,11.8408744,Crespano del Grappa
Chiesetta di Villa Fietta,45.8312579,11.8487673,Paderno
Chiesetta di San Giacomo,45.8283955,11.8596220,Paderno del Grappa
Belvedere,45.8243170,11.8413069,Crespano del Grappa
Chiesa Madonna della Salute,45.8356956,11.8452616,Paderno
Chiesa di San Rocco,45.5932453,10.1607159,Piazza
Chiesa dei Santi Cosma e Damiano,45.7529673,10.2925183,Marmentino
Chiesa di San Paolo Converso,45.5842806,10.2136863,Collebeato
Pieve di Santa Giustina,45.4584208,10.8190482,Sandra
Chiesa di Sant'Afra in Sant'Eufemia,45.5358107,10.2296465,Brescia
Santuario della Madonna del Buon Consiglio,45.6343004,10.5302909,Salo
Santuario della Madonna delle Fontane,45.6195697,10.3074845,Caino
Santuario Santa Maria in Progno,45.5016063,10.9325775,Arbizzano-Santa Maria
Chiesa di Santa Maria della Pace,45.5397135,10.2152045,Brescia
Chiesa di Santa Giovanna Antida,45.5617924,10.1907601,Fantasina
Chiesa della Nativita di Beata Vergine,45.5571513,10.2000442,Collebeato
Chiesa di San Martino,45.5157038,10.3330271,Rezzato
Maria Ausiliatrice,45.9702060,10.9650007,Drena
Chiesa di San Rocco,45.8256010,10.4593207,Bagolino
Chiesa di San Giorgio,45.8226657,10.4643221,Bagolino
Chiesa della Madonna delle Longhe,45.8197682,10.1483123,Gratacasolo
Capitello Madonna,45.7385607,11.8233073,Cassola
Chiesa di Sant'Antonino,45.5699398,10.2483464,Bovezzo
Chiesa di San Sebastiano,45.6805399,11.9049979,Castello di Godego
Chiesa di San Pietro,45.6905079,11.8878797,Castello di Godego
Chiesetta Sant'Antonio,45.6943110,11.8803786,Castello di Godego
Chiesa S. Mauro,45.6965851,11.8315525,Rossano Veneto
Chiesetta dei morti,45.9203733,10.6000651,Castel Condino
Chiesa di Santa Maria Assunta,45.8911577,10.1885176,Darfo Boario Terme
Chiesetta degli Alpini,45.5238466,10.3244065,Rezzato
Chiesa di San Giovanni Battista,45.5143704,10.3178340,Rezzato
Chiesetta di San Bovo,45.7893980,11.7118326,Campese
Chiesa di San Floriano,45.8503275,10.5800537,Storo
Santuario della Madonna del Monte,45.8621820,10.1863022,Gianico
Chiesa di Santa Maria della Neve,45.8503796,10.1808875,Artogne
Chiesa di San Giorgio,45.8941523,10.6748921,Pieve di Ledro
Chiesa di Sant'Andrea,45.8511843,10.5795674,Storo
Chiesa di San Daniele Profeta,45.6534952,11.9075815,Sant'Andrea
Madonna della Mercede,46.0527444,11.5285211,Villa-Agnedo
Chiesa di Sant'Andrea Apostolo,45.5979227,10.2283229,Concesio
Chiesa di San Pietro in Vincoli,45.6101998,10.3616838,Case Nuove
Chiesa di San Giovanni Nepumuceno,45.8414267,10.5495712,Lodrone-Darzo
Pieve di San Giorgio di Valpolicella,45.5352560,10.8499292,Sant'Ambrogio di Valpollicella
Santuario di Monte Solane,45.5459080,10.8562344,Fumane
Chiesa di San Martino,45.5253891,10.8728266,San Pietro in Cariano
Chiesa Parrocchiale di Mazzurega,45.5486806,10.8646439,Fumane
San Osvaldo,46.0502554,11.3737776,Novaledo
Santuario di San Bartolomeo,45.7044318,10.1909522,Magno
Chiesa di Santa Croce,45.8804656,11.0354646,Rovereto
Santuario della Madonna del Patrocinio,45.5379647,10.2520714,Brescia
Chiesa della Madonna dell'Aiuto,45.8264310,10.5314741,Lodrone-Darzo
Chiesa dell'Annunciazione di Maria,45.8295955,10.5358263,Lodrone-Darzo
Chiesa di San Calimero,45.5656109,10.2398622,Bovezzo
Chiesa di Santa Maria Nascente,45.5474747,10.1975272,Brescia
"Duomo SS. Vito, Modesto e Crescenzia",45.2907926,11.5383981,Noventa Vicentina
Chiesa vecchia di San Francesco d'Assisi,45.5802695,10.2765597,Nave
Chiesa di San Marco,45.6892287,10.1832100,Gardone Val Trompia
Chiesa di San Rocco,45.6906845,10.1812256,Gardone Val Trompia
Chiesa di San Marco,45.7602731,10.7454906,Pieve
Chiesa di San Marco,45.5881974,10.2571766,Bovezzo
Chiesa di Sant'Apollonio,45.5928533,10.2436508,Bovezzo
Chiesa di San Rocco,45.5940451,10.2440729,Bovezzo
Chiesa della Nativita di Maria,45.5739904,10.2212777,Collebeato
Pieve di San Pancrazio,45.4051866,10.3936731,Montichiari
Chiesa di San Carlo,45.7433617,10.9539095,Sabbionara
Santa Apollonia,46.0707826,11.5134945,Spera
Chiesa di Sant'Antonio di Padova,45.5885769,10.2931288,Nave
Chiesa di San Zenone,45.6139234,10.3168804,Caino
Santuario di San Rocco,45.6162695,10.3161878,Caino
Chiesetta degli Alpini,45.7636452,10.5500753,Capovalle
Sacra Famiglia,45.8948141,11.0390304,Rovereto
Chiesetta de Probizer,45.9484300,11.0206476,Pomarolo
Oratorio San Giovanni Battista,45.8958370,11.9613267,Valdobbiadene
Chiesa di San Vito,45.8966707,11.9681556,Valdobbiadene
Chiesa di San Marco evangelista,45.3533591,10.7250076,Valeggio sul Mincio
Chiesetta di San Lorenzo,45.9671799,11.6011052,Grigno
Chiesa di San Marco Evangelista,45.9153717,11.2713983,Lastebasse
San Rocco,46.0830599,11.5444577,Bieno
San Giuseppe,46.0814422,11.5221690,Samone
San Donato,46.0787775,11.5207568,Samone
Chiesa di Santa Caterina in Villa,45.5247626,11.2360312,San Giovanni Ilarione
Chiesa di San Zeno,45.5290961,11.2463883,San Giovanni Ilarione
Chiesa di Sant'Angela Merici,45.5180539,10.2571548,Buffalora-Bettole
Chiesetta di San Pietro,45.3987806,10.6684152,Ponti sul Mincio
Fraternita Paolo VI,45.3520029,10.1319963,Manerbio
Chiesa di San Massimiliano Maria Kolbe,45.5235093,10.2887162,Botticino
Chiesetta del Partigiano,45.6878105,10.4688178,Trebbio
Chiesa dei Caduti e Dispersi di Guerra,45.6307903,10.2578454,Lumezzane
Chiesa dei Santi Gervasio e Protasio,45.4610049,10.1726330,Poncarale
Chiesa di San Bernardino,45.7401493,10.9546284,Sabbionara
Oratorio Favallina,45.4973854,11.6645002,Grumolo delle Abbadesse
Chiesa di Campo di Alano,45.9160170,11.9207683,Quero
Duomo,45.9235102,11.9317239,Quero
Chiesa di San Valentino,45.9189413,11.9252141,Quero
Chiesa dei Ss. Gervasio e Protasio,45.9013564,11.9542628,Segusino
Chiesa di Santa Giulia,45.5532047,10.4003845,Paitone
Chiesa di Lapio,45.4734677,11.5354789,Arcugnano-Torri
Chiesa di San Michele,45.3660556,10.2201188,Leno
Chiesa di San Martino di Tours,45.5936782,10.2872501,Nave
Chiesa Parrocchiale della Santissima Trinita di Fietta,45.8424393,11.8502864,Paderno
Chiesa della Nativita della Beata Vergine,45.5640434,10.1999710,Collebeato
Pieve di Urago Mella,45.5643972,10.1999157,Collebeato
Chiesa Madonna delle Grazie,45.8434255,11.8570839,Paderno del Grappa
Cappella di Villa Vignola,45.7796423,11.8327527,San Zenone degli Ezzelini
Chiesa di Sant'Antonio,45.6318491,10.1998628,Villa Carcina
Chiesetta di San Giacomo,45.6350850,10.2566482,Lumezzane
Chiesa di San Michele Arcangelo,45.7218269,10.2307497,Brozzo
Chiesa di San Rocco al Monte,45.6338794,10.1892179,Villa Carcina
San Vittore,45.9091407,11.9148138,Alano di Piave
Chiesa dei Santi Gervasio e Protasio,45.9449884,10.2298015,Ossimo Superiore
Chiesa di San Carlo,45.9455940,10.2330396,Ossimo Superiore
Chiesa dei Santi Martino e Giovanni Battista,45.9473048,10.2069460,Borno
Chiesa dei Santi Cosma e Damiano,45.9410946,10.2362842,Ossimo Superiore
Santi Nazaro e Celso,45.3535876,10.2456330,Castelletto
Chiesa di San Bernardo,45.5522451,10.2382969,Brescia
Chiesa di San Calogero,45.7434553,10.2306380,Tavernole
chiesa di San Bartolomeo,46.0447279,11.2760594,Vignola
Chiesa Vecchia di Cavalo,45.5649789,10.8624099,Fumane
Chiesetta del cimitero,45.3574768,10.2211538,Leno
Chiesa della Visitazione di Maria Vergine,45.4288064,10.1797469,Bagnolo Mella
Oratorio di San Vito,45.2758516,10.4584845,Castel Goffredo
Chiesa dei Santi Vigilio e Gregorio Magno,45.6090880,10.1933721,San Vigilio
Chiesa di San Barnaba Apostolo,45.5548270,10.2181471,Brescia
Chiesa di San Giovanni Battista,45.5849487,10.2261296,Collebeato
Chiesa Santa Maria Assunta,45.4064183,10.7523445,Salionze
Chiesa di Cristo dei Monti,45.6469178,10.3045655,Caino
Santuario di Santa Maria della Pieve,45.4241926,11.1725926,Caldiero
Chiesetta della Madonna al Campo del Gallo,45.6753781,10.2527716,San Sebastiano
Chiesa di San Marco Evangelista,45.5380715,10.2245438,Brescia
Chiesa di Santo Stefano,45.5112312,10.4200134,Bedizzole
Chiesa di San Velgio,45.6099361,10.1920328,San Vigilio
Santuario di Santa Barbara,45.6686455,10.2613458,San Sebastiano
Chiesa di San Zeno Vescovo,45.3169752,10.9405463,Vigasio
Vecchia Chiesa parrocchiale sconsacrata,45.3166593,10.9389427,Vigasio
Chiesa di San Francesco,45.7099602,10.4002346,Vestone
Santuario della Madonna del Visello,45.6762116,10.3691826,Sottocastello
Chiesa di San Michele,45.6307854,10.5497089,Gardone Riviera
Santuario della Madonna della Neve,45.6212802,10.4654421,Roe Volciano
Santuario della Madonna della Misericordia,45.7796491,10.2580425,Bovegno
Chiesa di San Giovanni Battista,45.6590541,10.2399452,San Sebastiano
Chiesa di San Giuseppe,45.8222422,10.5284076,Ponte Caffaro
Santuario della Madonna di Supina,45.6695230,10.6374002,Gargnano
Chiesa di San Bartolomeo,45.5676292,10.2203934,Collebeato
Chiesa di Buttapietra,45.3418118,10.9991183,Buttapietra
Santuario della Madonna del Rio Secco,45.7392511,10.5233595,Capovalle
Chiesa Di Sacro Cuore,45.7503014,11.7946107,Cassola
Chiesa di San Rocco,45.8898373,10.5984174,Condino
Chiesa dei Santi Gervasio e Protasio,45.8162358,10.4596326,Bagolino
Chiesa dei Caduti di tutte le Guerre,45.6732593,10.5915774,Toscolano Maderno
Pieve di Santa Maria Assunta,45.5987235,10.1564390,Piazza
Chiesa di Fimon,45.4692283,11.5084596,Zovencedo
Chiesa della Regina della Pace,45.6626203,10.1966513,Sarezzo
Chiesa dei Santi Pietro e Paolo,45.7083413,10.2178313,Marcheno
Chiesa di San Giorgio Martire,45.6983753,10.1884572,Gardone Val Trompia
Chiesa di San Martino,45.6628781,10.1980069,Sarezzo
Chiesa di San Glisente,45.8887371,10.2822687,Berzo Inferiore
Chiesa di San Bartolomeo,45.7470205,10.3648950,Pertica Bassa
Chiesa di Santa Maria alle Grazzine,45.5589692,10.2276143,Brescia
Chiesa del Santo Corpo e Sangue di Cristo,45.5406261,10.2281719,Brescia
Chiesa dei Santi Antonio e Gaetano,45.6570746,10.1632466,Brione
Chiesa di San Giovanni Battista,45.6539427,10.1396107,San Zenone
Chiesa di Santa Maria della Neve,45.6688977,10.1453785,Polaveno
Chiesa dei Santi Emiliano e Tirso,45.6322700,10.1922762,Villa Carcina
Abbazia di Santo Stefano,45.2731787,11.0054608,Isola della Scala
Santuario della Madonna della Bastia,45.2710930,10.9986265,Isola della Scala
Chiesa di San Giacomo al Mella,45.5467850,10.1853080,Fantasina
Chiesa di San Martino,45.5267235,10.5336865,Moniga del Garda
Chiesa di Sant'Antonio,45.7989908,10.5039571,Ponte Caffaro
Chiesa di San Sisto,46.0787068,10.3717974,Cevo
Santuario della Madonna dell'Androla,46.0802982,10.3638398,Cevo
Santuario dei Santi Nazaro e Celso,46.0783997,10.3529305,Cedegolo
Chiesa di Santa Cristina,45.9986901,10.2588274,Lozio
Chiesa di San Francesco d'Assisi,45.5379568,10.2150169,Brescia
Chiesa di Santa Maria dei Miracoli,45.5372443,10.2149482,Brescia
Chiesa dei Santi Cosma e Damiano,45.5393634,10.2119825,Brescia
Chiesa dei Santi Nazaro e Celso,45.5369417,10.2133986,Brescia
Chiesa di Sant'Agata,45.5390514,10.2188038,Brescia
Chiesa di San Giovanni Evangelista,45.5413222,10.2177333,Brescia
Chiesa convento di San Giuseppe,45.5406778,10.2204241,Brescia
Chiesa di San Lorenzo,45.5356529,10.2200023,Brescia
Chiesa di Sant'Angela Merici,45.5344420,10.2252421,Brescia
Chiesa di Santa Maria in Calchera,45.5368596,10.2279493,Brescia
Chiesa di San Clemente,45.5376484,10.2262239,Brescia
Chiesa di Santa Maria delle Grazie,45.5426063,10.2131124,Brescia
Chiesa di Santa Maria del Carmine,45.5429020,10.2190642,Brescia
Chiesa di San Siro,46.0314573,10.3412574,Capo di Ponte
Chiesa di San Rocco,46.0360115,10.3460078,Capo di Ponte
Chiesa delle Sante Faustina e Liberata,46.0326304,10.3526161,Capo di Ponte
Chiesa di San Nicolo,45.7709723,10.2580820,Stravignino
Santuario di Santa Maria Annunciata,45.7051485,10.2106636,Marcheno
Chiesa di San Giacomo Apostolo,45.7190582,10.2191190,Brozzo
Chiesa di Santo Stefano in Rocca,45.7010452,10.3868107,Vestone
Chiesa di San Filastrio,45.7454688,10.2402408,Tavernole
Chiesa dei Santi Filippo e Giacomo,45.7472347,10.2405321,Tavernole
Santuario della Madonna della Rocca,45.6558986,10.4192415,Sabbio Chiese
Chiesa di Santa Maria Assunta,45.6463014,10.5002437,Vobarno
Santuario della Madonna della Rocca,45.6480895,10.4992424,Vobarno
Chiesa di Cristo Re,45.6730891,10.1875713,Sarezzo
Chiesa di Santa Maria Assunta,45.7376392,10.7212470,Gardola
Monastero di San Salvatore,46.0396948,10.3534857,Sellero
Chiesa di San Fiorano,46.0473480,10.3546782,Sellero
Chiesa di San Desiderio,46.0583197,10.3436386,Sellero
Chiesa di Santa Maria Assunta,46.0564198,10.3432183,Sellero
Santuario della Madonna dell'Acqua Salto,45.6623183,10.3348931,Bione
Chiesa dei Santi Martiri Ippolito e Cassiano,45.6504426,10.3530390,Agnosine
Chiesa di San Silvestro,45.8891661,10.1512975,Angolo Terme
Chiesa di San Lorenzo,45.8917116,10.1450392,Angolo Terme
Chiesa della Madonna,45.8945374,10.1434189,Angolo Terme
Chiesa di Sant'Antonio Abate,45.7244862,10.3707059,Pertica Bassa
Chiesa di San Colombano Abate,45.8100309,10.3665417,Collio
Chiesa dei Santi Nazario e Celso,45.8091161,10.3342947,Collio
Chiesa di San Rocco,45.8108663,10.3314746,Collio
Santuario di Santa Maria delle Pertiche,45.7132369,10.4796613,Trebbio
Chiesa di San Zenone,45.7055433,10.5084022,Crone
Chiesa di San Giovanni,45.9204737,10.1581729,Angolo Terme
Chiesa di Sant'Antonio Abate,45.8104821,10.3194386,Collio
Chiesa della Santissima Trinita,45.7149532,10.3489698,Mura
Chiesa di San Michele Arcangelo,45.6844897,10.4516417,Cedessano
Santuario della Madonna delle Cornelle,45.6836759,10.4595104,Cedessano
Chiesa di San Francesco,45.6870151,10.4368966,Cedessano
Chiesa di San Giorgio,45.6485644,10.3477944,Agnosine
Chiesa di San Lino,45.6330123,10.3650856,Agnosine
Chiesa di San Bartolomeo,45.6191566,10.5286788,Salo
Chiesa di San Matteo,45.7110274,10.6925627,Gardola
Chiesa di San Nicolo da Bari,45.6229339,10.5641547,Gardone Riviera
Chiesa di San Marco,45.8155621,10.3504773,Collio
Santuario della Beata Vergine di Tizio,45.8115288,10.3359890,Collio
Chiesa di San Gaetano,45.5331099,10.2284716,Brescia
Chiesa di Santa Rita,45.5401525,10.2208345,Brescia
Chiesa di Sant'Antonio Abate,45.6440820,10.1939791,Villa Carcina
Santuario della Madonna di San Lorenzo,45.6475168,10.1958823,Sarezzo
Chiesa di Sant'Anna,45.5546861,10.1842895,Fantasina
Chiesa di San Giuseppe Lavoratore,45.5417670,10.1711145,Roncadelle
Chiesa dei Santi Faustino e Giovita,45.4990338,10.2433751,Borgosatollo
Chiesa di San Martino,45.5662430,10.3885720,Paitone
Santuario della Beata Vergine,45.5594535,10.3936728,Paitone
Chiesa di San Rocco,45.5577876,10.3930893,Paitone
Chiesa dei Santi Faustino e Giovita,45.6529557,10.2027380,Sarezzo
Chiesa di San Zeno al Foro,45.5393460,10.2260518,Brescia
Chiesa di San Giorgio,45.7936068,10.2739906,Bovegno
Chiesa di Santa Maria Assunta,45.7907433,10.2680205,Bovegno
Chiesa di San Rocco,45.7888832,10.2685454,Bovegno
Chiesa di San Lorenzo Martire,45.7732794,10.2777279,Irma
Chiesa di Santa Maria Assunta,45.7552925,10.2851212,Marmentino
Chiesa di Santa Maria Maddalena,45.7614219,10.2488300,Stravignino
Chiesa di Sant'Apollonio Vetere,45.7782339,10.2386694,Pezzaze
Chiesa di San Zenone,45.6395622,10.1417613,San Zenone
Chiesa della Nativita di Maria,45.4962687,10.2745096,Buffalora-Bettole
Chiesa di Sant'Andrea,45.6358530,10.5995720,Toscolano Maderno
Chiesa di Sant'Ercolano,45.6348650,10.5999096,Toscolano Maderno
Chiesa di San Pietro in Lucone,45.5529501,10.4964545,Polpenazze del Garda
Chiesa di Sant'Antonio Abate,45.5555049,10.5135991,Polpenazze del Garda
Chiesa di Santa Maria ad Nives,45.5727469,10.5294143,Raffa
Santuario della Madonna del Carmine,45.5803375,10.5469928,San Felice del Benaco
Chiesa di San Giovanni Battista,45.5935376,10.5528523,San Felice del Benaco
Chiesa di San Quirico,45.5722859,10.4827197,San Giacomo
Chiesa di Santa Maria delle Consolazioni,45.5406141,10.2228363,Brescia
Santa Maria di Tenesi,45.5634869,10.5459663,Manerba del Garda
Sala Don Andrea Recaldini,45.4993942,10.2788335,Buffalora-Bettole
Chiesa di San Fiorino,45.9548767,10.2026029,Borno
Chiesa dei Santi Pietro e Paolo,45.7657119,10.4921107,Anfo
Chiesa di Santa Petronilla,45.7689187,10.4903724,Anfo
Chiesa di San Gaudenzio,45.5695915,10.2427987,Bovezzo
Chiesa di San Gottardo,45.6825977,10.4055095,Barghe
Chiesa di San Giuseppe,45.6769455,10.4953739,Vobarno
Chiesa di San Martino,45.6816352,10.5069615,Vobarno
Chiesa di San Lorenzo,45.6380087,10.4563021,Sabbio Chiese
Chiesa di Santa Maria,45.5878571,10.4409444,Gavardo-Sopraponte
Chiesa dell'Annunciazione di Maria,45.9360224,10.2435471,Esine
Chiesa di Sant'Alessandro,45.6719921,10.5054597,Vobarno
Chiesa del Sacro Cuore di Gesu,45.6015877,10.4550358,Villanuova sul Clisi
Chiesa di Santa Margherita di Scozia,45.6489571,10.4713038,Vobarno
Chiesa di San Martino di Tours,45.6453473,10.6000524,Toscolano Maderno
Chiesa di San Michele,45.6501724,10.6170631,Toscolano Maderno
Chiesa di Sant'Onofrio,45.6477884,10.4224689,Sabbio Chiese
Chiesa dei Santi Cornelio e Cipriano,45.6627359,10.4623695,Cedessano
Chiesa della Madonna della Neve,45.6716201,10.4581855,Cedessano
Chiesa di San Carlo,45.7074101,10.3064774,Casto
Chiesa di San Silvestro Papa,45.7056429,10.3170813,Casto
Chiesa di San Domenico,45.7063362,10.3315739,Mura
Santuario della Madonna della Neve,45.7036699,10.3194661,Casto
Chiesa di San Francesco di Paola,45.5323261,10.2477212,Brescia
Chiesa di Santo Stefano Protomartire,45.5303665,10.2565279,Buffalora-Bettole
Chiesa di Sant'Andrea Vetere,45.5966936,10.2285327,Concesio
Chiesa di Santa Maria della Vittoria,45.5257309,10.2240078,Brescia
Chiesa di San Gaetano da Thiene,45.7820217,10.2393460,Pezzaze
Chiesa di Sant'Antonio di Padova,45.6572895,10.2297510,San Sebastiano
Chiesa di San Filippo Neri,45.6562675,10.2462829,San Sebastiano
Chiesa di San Rocco,45.6584683,10.2511409,San Sebastiano
Chiesa di San Giovanni Battista,45.7762426,10.2345195,Pezzaze
Chiesa di San Bernardino,45.6598094,10.1925951,Sarezzo
Chiesa di San Rocco,45.7497429,10.2940683,Marmentino
Chiesa di San Carlo Borromeo,45.6899107,10.1842102,Gardone Val Trompia
Chiesa di San Martino,45.7077791,10.1961241,Magno
Chiesa della Santissima Trinita,45.7714878,10.2848474,Irma
Chiesa di Santa Giulia,45.6157908,10.2025075,San Vigilio
Chiesa di San Giuseppe,45.7786886,10.2649423,Bovegno
Chiesa di Sant'Antonio Abate,45.8038095,10.2708273,Bovegno
Chiesa di San Michele,45.7934369,10.2820445,Bovegno
Chiesa di San Marco,45.7801934,10.2613923,Bovegno
Chiesa di San Rocco,45.7435958,10.2260799,Tavernole
Chiesa di San Michele Arcangelo,45.7623344,10.2183639,Pezzaze
Chiesa di San Giuseppe,45.7740082,10.2437086,Stravignino
Chiesa dei Santi Nomi di Gesu e Maria,45.7454480,10.3251385,Pertica Alta
Chiesa di Sant'Apollonio,45.7468125,10.3357240,Pertica Alta
Chiesa di San Marco Evangelista,45.7422510,10.3451927,Pertica Alta
Chiesa di San Zenone,45.6487498,10.3913741,Odolo
Chiesa di San Lorenzo al Forno,45.6512662,10.3852226,Odolo
Chiesa di San Bartolomeo,45.6467827,10.3886625,Odolo
Chiesa di San Valentino,45.8094915,11.2678962,Laghi
Chiesa di San Rocco,45.6093210,10.2105196,Concesio
Chiesa di Maria Vergine Madre di Dio e della Chiesa,45.6645803,10.2188094,Sarezzo
Chiesa di Santa Margherita,45.6455828,10.2702060,Lumezzane
Chiesa di San Pellegrino Laziosi,45.6521447,10.2406640,San Sebastiano
Chiesa della Madonna della Neve,45.6505585,10.2852405,Lumezzane
Chiesa di San Giorgio,45.6514007,10.2475736,San Sebastiano
San Michele,45.7660876,10.8335031,Malcesine
Eremo dei Santi Benigno e Caro,45.7249755,10.8083424,Malcesine
San Antonio delle Pontare,45.7040497,10.7753601,Magugnano
Chiesa di Sant'Antonio Abate,45.6931837,10.6511171,Gargnano
San Benedetto,45.3008252,10.2064179,Pavone del Mella
Chiesetta degli Alpini,45.7256239,10.2052770,Magno
Santuario della Madonna del Tronto,45.5982249,10.2268702,Concesio
Chiesa di Santa Maria Crocifissa di Rosa,45.5472958,10.2262240,Brescia
Chiesa di San Michele Arcangelo,45.5513372,10.4261775,Prevalle
Santuario di Maria Madre del Redentore,45.6717833,10.1879424,Sarezzo
Chiesa di San Bernardo,45.7369586,10.7104941,Gardola
Santuario di Sant'Onofrio,45.6092422,10.2626207,Bovezzo
Chiesa di Sant'Antonio in Seradello,45.6066976,10.2975820,Caino
Chiesa di San Liberale,45.7169508,10.4463320,Trebbio
Chiesa dei Santi Faustino e Giovita,45.6468956,10.5006458,Vobarno
Santuario della Madonna del Brizzo,45.6248809,10.5015665,Roe
Chiesa di Santa Maria,45.8854780,10.1927858,Darfo Boario Terme
Chiesa di San Rocco,45.6864426,10.2915391,Casto
Chiesetta della Madonna della Neve,45.8269242,10.4582086,Bagolino
Chiesa di Santa Maria Assunta,45.6736067,10.3404054,Bione
Chiesa di San Sebastiano,45.7343972,10.4679338,Idro
Chiesa di Sant'Antonio di Padova,45.6838098,10.4343619,Cedessano
Santuario della Madonna del Pianto,45.7483333,10.3870963,Pertica Bassa
Chiesa di San Carlo,45.6652878,10.3931265,Sottocastello
Chiesa dei Santi Pietro e Paolo,45.6705404,10.3926421,Sottocastello
Chiesa di San Martino,45.7095746,10.4643445,Trebbio
Chiesa di Sant'Antonio,45.8823727,10.4512387,Bagolino
Chiesa di San Lorenzo,45.7526621,10.3818535,Pertica Bassa
Chiesa di San Zenone,45.7502315,10.3846871,Pertica Bassa
Chiesa di Dio e San Rocco,45.7356728,10.3889974,Pertica Bassa
Chiesa di San Martino di Tours,45.7324450,10.3937361,Vestone
Santuario di Santa Maria Assunta del Campello,45.6498840,10.3510485,Agnosine
Santuario della Madonna di Calchere,45.6410816,10.3652459,Agnosine
Chiesa di San Lorenzo,45.6906217,10.4543674,Provaglio Val Sabbia
Chiesa di San Lorenzo,45.6858929,10.2927561,Casto
Chiesa di Sant'Antonio di Padova,46.0666145,10.2543748,Paisco Loveno
Chiesa di Sant'Apollonio,45.9310283,10.3108543,Prestine
Chiesa di Santa Maria Assunta,45.9849318,10.2618998,Lozio
Chiesa di San Maurizio,45.8327987,10.1863024,Artogne
Chiesa di San Giorgio,45.9782502,10.3410221,Niardo
Cappella Alpini di Serle,45.5884597,10.3609164,Serle
Chiesa della Madonna della Neve,45.7594397,10.4047736,Pertica Bassa
Chiesa di San Nazzaro,45.9827956,10.2604163,Lozio
Chiesa di San Bernardino,45.6959614,10.3297764,Casto
Santuario della Madonna del Ronchino,45.6854214,10.4213324,Cedessano
Chiesa di San Giorgio,45.6815820,10.4147847,Barghe
Pieve di Santa Maria Assunta,45.6894521,10.4293559,Provaglio Val Sabbia
Chiesa di Santa Maria Assunta,45.7532911,10.3724531,Pertica Bassa
Chiesa di San Bartolomeo,45.7385439,10.4379576,Lavenone
Chiesa di Santa Maria Annunciata,45.6368054,10.3520476,Agnosine
Ex Chiesa di San Pietro in Vincoli,45.9400123,10.2913233,Bienno
Cappella di Santa Maria Maddalena,45.9398776,10.2903277,Bienno
Sala Civica,45.6457305,10.2024187,Villa Carcina
Chiesa di San Bernardo,45.6673777,10.3289475,Bione
Chiesa della Madonna della Neve,45.7601994,10.3048171,Marmentino
Chiesa di San Giuseppe,45.2581579,11.1211021,Bovolone
"Chiesa dei Santi Biagio, Fermo e Rustico",45.2581037,11.1205963,Bovolone
Chiesetta Alpina,45.5921421,10.1783570,Cellatica
Battistero,45.4068050,11.8717946,Padova
Santuario di San Vigilio,45.6674661,10.3117629,Bione
Oratorio di San Giorgio,45.4009588,11.8801835,Padova
Oratorio di San Michele,45.4008686,11.8800426,Padova
Santuario della Madonna della Neve,45.6836164,10.3422033,Bione
Santa Maria Assunta,45.4062918,11.4060656,Sarego
Chiesa di Santa Maria,45.6426044,10.3863046,Odolo
Chiesa di San Rocco,45.7398876,10.4804713,Crone
Chiesa di Santa Maria ad Undas,45.7345919,10.4588832,Idro
Chiesa dei Santi Faustino e Giovita,45.6651595,10.3446564,Bione
Chiesa di San Rocco,45.6718358,10.3441574,Bione
Chiesa di San Giacomo,45.7007837,10.6824079,Gargnano
Chiesa di Sant'Antonio,45.7862724,10.7723377,Pieve
Chiesa di San Michele Arcangelo,45.4923299,10.2370443,Borgosatollo
Chiesa di San Vincenzo Ferreri,45.6047291,10.1509715,Ronco
Chiesa di Tutti i Santi,45.6479097,10.3583171,Agnosine
Chiesa di San Maurizio,45.8427286,10.5828827,Storo
Chiesa di San Bernardino,45.9205799,10.8841783,Arco
Chiesa di San Giovanni Battista,45.7540225,10.5443282,Capovalle
Chiesa Evangelica,45.6225286,10.5693674,Gardone Riviera
Chiesa di Santa Caterina,45.5459185,10.5581574,Solarolo
Chiesa dell'Ascensione,45.6136377,10.4951055,Roe Volciano
Chiesa dei Santi Pietro e Paolo,45.5181764,10.2280392,Brescia
Chiesa di Santa Maria Assunta,45.4991137,10.2203815,San Zeno Naviglio
Chiesa di San Silvestro Papa,45.4948431,10.2059387,Folzano
"Chiesa dei Santi Vito, Modesto e Crescenzia",46.0319013,10.3275268,Ono San Pietro
Chiesa della Beata Vergine della Purita,45.5591385,10.2118909,Collebeato
Chiesa di San Rocco,45.6245802,10.2058335,Villa Carcina
Santi Martino e Valentino,46.0665223,11.5045966,Scurelle
Chiesa di Brusadure,45.2751543,11.9595932,Bovolenta
Chiesa di Sant'Alessandro,45.5352183,10.2236003,Brescia
Santuario della Madonna del Feles,46.0047655,11.2126789,Bosentino-Migazzone
San Giorgio,46.0623760,11.9119601,Villabruna-Umin
Chiesa San Nicola,46.0716723,11.9150582,Villabruna-Umin
Chiesetta San Martino,46.0695736,11.9040670,Villabruna-Umin
Chiesa di Zevio Santa Toscana,45.3762342,11.1378426,Zevio
San Donato,46.0631931,11.7073591,Lamon
Madonna Addolorata,46.0773039,11.6878133,Castello Tesino
Santa Maria Assunta,46.0703593,11.5090071,Spera
Chiesa di San Giovanni,45.6195032,11.0356822,Bosco Chiesanuova
Cappella di San Valentino,46.0417912,11.8685212,Pedavena
Santella della Madonna della Neve,45.6595693,10.2310510,San Sebastiano
San Pietro,45.6344951,10.9870747,Erbezzo
Chiesa della Beata Vergine Maria Immacolata,45.4164704,11.1754138,Caldiero
San Pietro in Colle,45.4167065,11.1905244,Caldiero
San Fidenzio,45.4795526,11.0501730,Montorio
Santuario Madonna della Bassanella,45.4261553,11.2480275,Soave
Chiesa Alpina,45.8160930,11.7401242,Pove del Grappa
Santa Giustina,45.8135577,11.7195700,Solagna
Madonna del Cornon,45.8093399,11.7265405,Pove del Grappa
Santuario della Beata Vergine del Covolo,45.8481161,11.8246811,Crespano del Grappa
S. Maria Assunta,45.8575808,11.7436695,Solagna
S. Giorgio,45.8294749,11.7144149,Solagna
Oratorio S. Antonio,45.9796119,11.7561735,Arsie
San Michele,45.9806271,11.7662995,Arsie
Chiesa di Santa Giustina,46.0219340,11.7712950,Fonzaso
Chiesa della Nativita Beata Vergine Maria,46.0191229,11.7997076,Fonzaso
Sant'Anna,46.0205904,11.7926441,Fonzaso
San Cassiano,45.9589041,11.7514766,Arsie
Chiesa di S. Andrea,45.6733769,10.9089008,Brentino Belluno
Chiesa Parrocchiale,45.6231263,10.9021465,Brentino Belluno
Chiesa romanica,45.6238565,10.9029912,Brentino Belluno
Chiesa diroccata di San Marziale e Santa Regina,45.6222810,10.9070381,Brentino Belluno
Santuario Madonna della Corona,45.6496134,10.8562041,Ferrara di Monte Baldo
Santi Fabiano e Sebastiano,46.0567674,11.5230600,Villa-Agnedo
Chiesa di San Salvatore,45.5397913,10.2285569,Brescia
Chiesa dell'Immacolata,46.0656146,11.5232327,Strigno
Chiesa di San Giacinto,45.5216105,10.2730459,Buffalora-Bettole
Chiesa parrocchiale di Caprino,45.6051640,10.7949074,Caprino Veronese
Oratorio di San Sisto,45.6646628,11.5876046,Sandrigo
Chiesetta Trissino,45.6614895,11.6041587,Sandrigo
Oratorio San Lorenzo,45.6574105,11.6038558,Sandrigo
Oratorio San Gaetano,45.6587779,11.6006720,Sandrigo
Chiesa di San Zeno,46.0061970,10.8431761,Fiave
San Pietro,45.5667183,11.1605692,Badia Calavena
Chiesa San Valentino,45.5558074,11.1196141,San Mauro di Saline
Chiesa di San Leonardo,45.5654095,11.1129896,San Mauro di Saline
San Pietro Apostolo,45.6048153,11.0955794,Velo Veronese
San Marco,45.6531635,10.7245258,San Zeno di Montagna
Chiesa di San Luca,45.5362098,10.2216403,Brescia
San Giovanni Bosco,45.3952391,11.2680972,San Bonifacio
Chiesetta della Madonna delle Nevi,46.0363132,10.3869649,Paspardo
Santa Maria Maddalena,46.0649059,11.5089692,Scurelle
Chiesa di Santa Maria Assunta,45.5499391,10.5531003,Manerba del Garda
Chiesetta di Sant'Antonio,45.4226750,11.2822064,Monteforte d'Alpone
Chiesa di San Rocco,45.4660337,11.1848565,Illasi
San Colombano,45.4573192,11.2017952,Cazzano di Tramigna
Chiesa di San Giorgio,45.4722602,11.2038889,Cazzano di Tramigna
Santuario di San Felice,45.4782219,11.1940779,Cazzano di Tramigna
Chiesa di San Pietro in Briano,45.4769850,11.2066815,Cazzano di Tramigna
San Leornardo,45.5743675,11.2257484,Vestenanova
San Antonio Abate,45.5696345,11.2214155,Vestenanova
Chiesa della Santissima Trinita,45.5546545,10.2341401,Brescia
Chiesa della Madonna di Loreto,46.0657818,11.5290185,Strigno
Chiesa di Lavagno,45.4411737,11.1307551,San Pietro
Santi Pietro e Paolo,46.0499076,11.4063940,Roncegno
Chiesa di Sant'Apollonio,45.7753523,10.2388831,Stravignino
San Giacomo (alto),45.4229797,11.1232210,Monticelli-Fontana
Chiesa di Santa Eurosia,45.6276041,10.7551572,San Zeno di Montagna
Chiesa dei Santi Faustino e Giovita,45.9334204,10.2979404,Bienno
Santuario della Madonna del Lares,46.0211580,10.7280700,Tione di Trento
San Siro,45.6398641,10.7122412,San Zeno
Santa Maria Maddalena,45.6065124,10.7271727,Costermano
Chiesa della Madonna dei Ronchi,45.6531628,10.5096197,Vobarno
San Martino,45.6118183,10.7018428,Torri del Benaco
San Giovanni,45.6099576,10.6876831,Torri del Benaco
Teatro Comunale,46.0761669,10.9087856,San Lorenzo in Banale
Chiesa di Affi,45.5542030,10.7761227,Affi
chiesa di San Lorenzo,46.0259120,11.4401846,Borgo
Chiesa della Santissima Trinita,45.4671795,10.2424523,Borgosatollo
Santa Maria Maggiore,45.5305293,10.7270338,Bardolino
Chiesetta della Regina della Pace,45.8220377,10.4114649,Bagolino
Chiesa di San Benedetto,45.5365031,10.1965944,Brescia
Chiesa di San Gaetano,45.6828376,10.3786450,Sottocastello
Chiesa di Santa Maria del Restello,45.9023562,10.1936843,Darfo Boario Terme
Chiesetta di San Valentino,45.9094595,10.1932521,Darfo Boario Terme
Chiesa di San Rocco,45.9024079,10.1924743,Darfo Boario Terme
Chiesetta di San Vigilio,45.7531922,10.6347812,Magasa
Chiesetta di Val Moren,45.9658521,10.1893179,Borno
San Pietro,45.5658183,10.7118518,Garda
Chiesa di San Severo,45.5500737,10.7224292,Bardolino
Chiesa della Madonna del Lino,45.5374858,10.2177888,Brescia
Chiesa della Madonna di Lourdes,45.9461467,10.2005428,Borno
Chiesa Vecchia di Sant'Andrea,45.9508859,10.2712303,Malegno
Chiesa di San Rocco,45.9435495,10.2355982,Ossimo Superiore
Oratorio di Sant'Antonio,45.9469452,10.2069003,Borno
chiesa di San Sisto,45.9899145,11.2643674,Caldonazzo
Santa Maria Maddalena,45.8762801,11.1627469,Piazza
Santi Zeno e Martino,45.5056465,10.7342528,Lazise
Chiesa di Calmasino,45.5224831,10.7512260,Calmasino
Chiesa Santa Madre di Dio,45.3696874,11.8292953,Mandriola-Sant'Agostino
Santuario Claone,45.7403596,10.4409403,Lavenone
Chiesa di San Rocco,45.3068187,10.1955818,Cigole
Sant'Agata Vergine e Martire,45.5332488,11.3682747,Tezze
Sant'Agata Vergine e Martire,45.5322076,11.3652071,Tezze
Visitazione Beata Vergine Maria,45.5253811,11.3429166,Arzignano
Chiesa parrocchiale di Restena,45.5462421,11.3466644,Tezze
Chiesa di San Matteo,45.5306343,11.3421847,Arzignano
Sant'Agata Vergine e Martire,45.5322881,11.3651734,Tezze
Cappella Via Fratta Bassa,45.5387505,11.3371613,Arzignano
Chiesa di Villaggio Giardino - San Giovanni Battista,45.5184605,11.3444844,Arzignano
Chiesa parrocchiale del Costo,45.5162129,11.3638110,Tezze
Duomo di Ognissanti,45.5201682,11.3333365,Arzignano
San Bartolomeo Apostolo e Santa Maria Ausiliatrice,45.5131492,11.3355394,Arzignano
San Marcello,45.5014592,11.3377621,Arzignano
Chiesetta dei Bernuffi,45.5486893,11.3967362,Trissino
San Zenone,45.5188780,11.3142574,Arzignano
Chiesetta di San Bernardino,45.5229974,11.3270180,Arzignano
San Alessandro,45.5588114,11.3616414,Trissino
Chiesa di San Lorenzo,45.8228749,10.4648217,Bagolino
Chiesa di San Giacomo,45.8128358,10.5164460,Ponte Caffaro
Chiesa della Beata Vergine di Loreto,45.8258775,10.4916455,Bagolino
Santuario della Madonna del Castello,45.7067895,10.1822101,Gardone Val Trompia
Chiesetta Alpina,45.7841507,10.2091908,Pezzaze
Chiesa di San Martino,46.0030015,10.3245354,Cerveno
Chiesa dei Santi Pietro e Paolo,45.2550927,10.2995180,Gambara
Chiesa di San Rocco,45.2549811,10.2967904,Gambara
Chiesetta di San Maurizio,45.8948302,10.2524906,Esine
Chiesa della Madonna della neve,46.0704186,11.4939807,Carzano
Chiesa di Santa Maria Annunciata,45.9345298,10.2952983,Bienno
Chiesa di San Paolo,45.9237086,10.2569632,Esine
Chiesa della Santissima Trinita,45.9263038,10.2621819,Esine
Chiesa di San Lorenzo,45.9338362,10.2777096,Berzo Inferiore
Chiesa di Santa Maria Assunta,45.9265788,10.2560259,Esine
Chiesetta di San Michele,45.9346320,10.2792971,Berzo Inferiore
Chiesa della Nativita di Maria,45.9328043,10.2790954,Berzo Inferiore
Santa Maria,45.4418039,10.7617582,Castelnuovo del Garda
Santa Lucia di Pol,45.4986468,10.8183021,Pastrengo
Chiesa di Santa Maria degli Angeli,45.6825869,10.1842564,Gardone Val Trompia
Chiesa di San Rocco,45.7606456,10.5963593,Valvestino
Chiesa di San Giovanni Battista,45.7614489,10.5974603,Valvestino
Chiesa dei Santi Simone e Giuda Apostoli,45.7709799,10.5950904,Valvestino
Chiesa di San Rocco,45.7555214,10.5869917,Valvestino
Chiesa di San Matteo,45.7732232,10.5746925,Valvestino
Chiesa di San Bartolomeo,45.7588622,10.5810950,Valvestino
Chiesa di San Michele Arcangelo,45.7395885,10.5816066,Valvestino
Chiesetta dei Morti,46.0030650,10.3336985,Cerveno
Chiesa della Madonna degli Angeli,45.4269680,10.7229839,Cavalcaselle
Chiesa di San Lorenzo,45.4274836,10.7237079,Cavalcaselle
Sacrario militare di Monte Suello,45.8052652,10.5047330,Ponte Caffaro
Sant' Andrea Apostolo,45.4599513,10.7858837,Sandra
Chiesa della Confraternita del Suffragio,45.5146560,10.3182473,Rezzato
Rocal,45.9931995,11.0741487,Cimoneri
Chiesa di San Michele Arcangelo,45.7454026,10.3212359,Pertica Alta
Chiesa di Cristo Re,45.5546045,10.2242807,Brescia
Chiesa di Santa Maria Immacolata,45.5506761,10.2130164,Brescia
Chiesa del Divin Redentore,45.5680884,10.2065799,Collebeato
Chiesetta del Redentore,45.8504255,11.3725553,Rotzo
Chiesa della Presentazione della Beata Vergine Maria,45.8699532,11.4308001,Roana
San Luigi Gonzaga,45.8400465,11.4211952,Rotzo
Oratorio Madonna della Salute,45.2720075,11.4646840,Roveredo di Gua
Chiesa di San Giovanni Battista,45.2662495,11.4880802,Poiana Maggiore
Chiesetta della Madonna del Buon Consiglio,45.2611481,11.4645359,Roveredo di Gua
San Rocco,45.8067119,11.3400406,Arsiero
Chiesa Arcipretale di San Michele,45.8024602,11.3500715,Arsiero
Chiesa Granatieri di Sardegna,45.8099012,11.3988118,Cogollo del Cengio
Chiesa di San Zeno,45.8032149,11.3851030,Velo
Chiesetta del Donatore,45.8120694,11.4107048,Cogollo del Cengio
Chiesa di Santa Maria Maddalena,45.3947669,10.9144878,Dossobuono
Tempietto Virgini Dolenti Sacrum,45.8016667,11.6093887,Conco
San Francesco,45.8990291,10.9213885,Bolognano-Vignole
Chiesa di Sant'Apollinare,45.9257214,10.8903723,Arco
Santissima Trinita,45.7777723,11.3997309,Cogollo del Cengio
Chiesa di San Cristoforo,45.7876716,11.4214689,Cogollo del Cengio
San Giorgio,45.7753592,11.4502695,Caltrano
Santa Rita,45.7770048,11.4721302,Caltrano
San Vitale,45.7929843,11.5760887,Lusiana
Chiesa di San Marco e Santa Maria Maggiore,45.7989419,11.6058231,Conco
Madonna della Grotta,45.9942992,10.9700090,Cavedine
Chiesa di Roveredo,45.2739284,11.4431537,Roveredo di Gua
Santuario Santa Maria del Summano,45.7601357,11.3937521,Santorso
Cappella storica di San Vito,45.7590310,11.4301283,Piovene Rocchette
Chiesa Parrocchiale di San Giuseppe,45.7670768,11.4319636,Piovene Rocchette
Santuario Madonna dell'Angelo,45.7581895,11.4180172,Piovene Rocchette
Chiesa della Fratta,45.7491919,11.4686918,Carre
Chiesa di San Michele,45.7629799,11.4627828,Chiuppano
Madonna della Salute,45.7691466,11.4664177,Chiuppano
Santa Maria Assunta,45.7698596,11.4602566,Caltrano
San Donato,45.7708188,11.4795878,Chiuppano
Chiesa di San Michele,45.7598409,11.4659109,Chiuppano
Chiesetta di San Pietro,45.7638152,11.5343494,Lugo di Vicenza
Chiesetta del rosario,45.7497049,11.5220464,Lugo di Vicenza
Chiesa di San Valentino,45.7726904,11.5102936,Calvene
Chiesa Santi Sigismondo e Valentino,45.7647577,11.5540879,Salcedo
Santuario di Sant'Anna,45.7647508,11.5542995,Salcedo
Chiesetta dell'Emigrante,45.7724503,11.5619228,Salcedo
Chiesetta del Ciclista,45.7746309,11.6641071,Marostica
Chiesetta di San Dionigi,45.7387368,11.3922673,Santorso
Chiesetta di Sant'Anna,45.7265249,11.4259083,Zane
Chiesa della B.V. Maria Immacolata,45.7259362,11.4398616,Zane
Chiesa del Grumello,45.7468071,11.4252375,Piovene Rocchette
Chiesa di San Francesco,45.7568243,11.0006333,Ala
Chiesa parrocchiale di Santa Maria Assunta,45.7484212,11.4587020,Carre
Oratorio di San Biagio,45.7337755,11.4983090,Grumolo Pedemonte
Chiesetta di San Gottardo,45.7495234,11.6588824,Marostica
Chiesetta di San Marco,45.7463420,11.6574267,Marostica
San Biagio,46.0782815,11.5546364,Bieno
Chiesa di San Michele,45.8867040,10.8435219,Riva del Garda
Santuario della Madonna del Rio,45.6230319,10.5128221,Roe
Chiesa San Biagio,45.3989373,11.3001006,San Bonifacio
Chiesetta di Santa Croce,45.4241382,11.3068005,Monteforte d'Alpone
Chiesa di Costalunga,45.4485469,11.2972244,Brognoligo-Costalunga
Chiesa di San Carlo Borromeo,45.6518296,10.2369873,San Sebastiano
Chiesa della Nativita,45.3809328,11.2084183,Belfiore
chiesa di Sancta Maria ad Nives,46.0082130,11.4223191,Roncegno
Chiesa di San Martino,45.9267340,10.6395259,Prezzo
Chiesa Parocchiale di San Sebastiano,45.3191614,11.4252633,Asigliano Veneto
Chiesa di Rovenega,45.2631386,11.4046946,Pressana
"Chiesa dei Santi Vito, Modesto e Crescenzia",45.6638913,11.5601542,Montecchio Precalcino
Santissima Trinita,45.4237050,11.8760296,Padova
Chiesa San Cristoforo,45.6408395,11.3020444,Valdagno
Sant'Antonio di Padova,45.6432145,11.3206568,Valdagno
Chiesa di Santa Maria Assunta,46.0705000,11.4783980,Telve
San Giovanni,45.6581188,11.1815443,Crespadoro
Santa Margherita Vergine,45.6323406,11.1924078,Crespadoro
San Leonardo,45.6751843,11.2351015,Recoaro Terme
Cappella chiesa,45.6752388,11.2352555,Recoaro Terme
sacrestia,45.6751405,11.2352605,Recoaro Terme
San Rocco,45.6365040,11.2185402,Crespadoro
Santuario di Santa Maria di Panisacco,45.6691272,11.2811031,San Quirico
Casa Del Regno Dei Testimoni Di Geova,45.7190394,11.3676559,Schio
Chiesa San Giacomo,45.7135503,11.3604112,Schio
Duomo di S. Pietro,45.7141295,11.3596691,Schio
Chiesa di Sant'Antonio Abate,45.7116077,11.3555569,Schio
Chiesa di Santa Croce,45.7151870,11.3682451,Schio
Divo Antonio Confessori,45.6963087,11.6309560,Schiavon
Chiesa Evangelica Valdese,45.5409597,10.2113852,Brescia
Battistero,45.6589718,10.2396131,San Sebastiano
Chiesa di San Giovanni Nepomuceno,46.0723688,11.4779931,Telve
Chiesa di San Gerolamo,45.6236170,10.1568479,Brione
Duomo Santa Maria Assunta,45.7087157,11.5652572,Breganze
Chiesa di San Giuseppe,45.7071641,11.5637549,Breganze
Chiesa della Beata Vergine della Mercede,45.5334113,10.2581157,Buffalora-Bettole
Chiesa di Santa Maria Maddalena,45.5464987,10.2814644,Botticino
Chiesa di San Rocco,45.4979802,10.1644749,Castel Mella
San Giovanni Battista,46.0722820,11.4721653,Telve di Sopra
Oratorio di Villa Gaudio,45.4353256,11.9286501,Cadoneghe
Chiesa S. Caterina da Siena,45.4248341,11.9405756,Noventa
Chiesa di San Marco Evangelista,45.4244964,11.9457392,Noventa
Chiesa dell'Annunciazione di Maria,45.8884639,10.7332387,Pieve di Ledro
Santuario Santa Maria della Pieve,45.5376927,11.2868614,Chiampo
Pieve - Chiesa dei Frati Francescani,45.5383539,11.2877862,Chiampo
Santa Maria Assunta e San Martino,45.5430257,11.2785463,Chiampo
Chiesa di San Biagio,45.5445275,11.2713123,Chiampo
Chiesa arcipretale,45.6808651,11.3727903,San Vito di Leguzzano
Maternita della Madonna,45.5445729,11.2928356,Chiampo
Chiesa delle Conche,45.5340666,11.3248869,Arzignano
San Rocco,45.5241803,11.3239354,Arzignano
Chiesa di San Pietro,45.8068003,10.7837125,Limone sul Garda
Chiesa di San Rocco,45.8170867,10.7940907,Limone sul Garda
Chiesa di San Giovanni in Valle,45.4466579,11.0055556,Verona
Chiesa dei Santi Pietro e Paolo,45.9935596,10.2331242,Lozio
San Antonio Abate,45.5689320,11.2506875,San Pietro Mussolino
Santi Simeone e Giuda,45.5589876,11.2885757,Nogarole Vicentino
San Lorenzo Martire - Madonna delle Grazie,45.5491944,11.2758797,Chiampo
San Antonio Abate,45.5684963,11.2507359,San Pietro Mussolino
Castellaro,45.5589900,11.2857999,Nogarole Vicentino
Chiesa di San Pietro Vecchio,45.5942067,11.2491730,San Pietro Mussolino
Chiesa di San Gaetano,45.5803140,11.2504690,San Pietro Mussolino
Chiesa di San Daniele,45.5786017,11.2655145,San Pietro Mussolino
San Pietro Apostolo,45.5877891,11.2574408,San Pietro Mussolino
San Giuseppe,45.5873777,11.2760452,San Pietro Mussolino
Chiesetta della Madonna Addolorata,45.9419428,10.1924488,Borno
Chiesa di San Biagio,45.5878497,10.4628632,San Giacomo
Sant'Andrea,45.6187932,11.2264420,Crespadoro
San Francesco d'Assisi,45.6118754,11.2363668,Molino-Mozzi-Bittarelli
Chiesa di Santa Maria Assunta,45.9422073,10.2779614,Malegno
Chiesa di San Giuseppe,46.0578953,11.5313204,Ivano-Fracena
San Vendemiano,46.0549456,11.5379130,Ivano-Fracena
Sant'Egidio abate,46.0438207,11.5522094,Ospedaletto
Santuario della Madonna della Rocchetta,46.0445277,11.5634837,Ospedaletto
Chiesa di San Martino,45.8995613,10.1932059,Darfo Boario Terme
Chiesa di San Rocco e Sant'Anna,45.6571789,10.2518010,San Sebastiano
Chiesa Vecchia dei Santi Sebastiano e Fabiano,45.6512099,10.2649684,Lumezzane
Chiesa dei Santi Bruno e Francesco,45.6563146,10.2352029,San Sebastiano
Santi Sebastiano e Rocco,45.5537288,11.3221181,Nogarole Vicentino
San Antonio,45.5630261,11.3128701,Nogarole Vicentino
Chiesa di San Carlo Borromeo,45.5065089,10.3117103,Rezzato
Antica pieve dei Santi Giacomo e Cristoforo,46.0162198,11.6336502,Grigno
Chiesa di Santa Maria in Aracoeli,45.5531409,11.5491379,Vicenza
Chiesetta Alpina Monte Lefre,46.0610168,11.5563782,Ospedaletto
Chiesa dei Disciplini,45.2976283,10.4727364,Castel Goffredo
Chiesa di San Clemente,45.8377203,10.9529354,Brentonico
Chiesa dei Santi Gervasio e Protasio,46.0122980,10.3527513,Ceto
Chiesa di Sant'Orsola,45.5355479,10.2167902,Brescia
San Rocco,46.0534386,11.4591196,Borgo
Chiesa di San Giorgio,46.0762093,11.2505972,Pergine Valsugana
chiesa di San Martino,46.0578784,11.2141303,Pergine Valsugana
chiesa della Madonna di Loreto,46.0674198,11.2568510,Pergine Valsugana
Chiesa di Santa Maria della Visitazione,45.8803128,10.1836608,Darfo
Sant'Andrea Apostolo,45.6459343,11.5101120,Novoledo
Chiesa dei Santi Faustino e Giovita,45.7522742,10.2782638,Dosso-Ville
Chiesa della Madonna di Conche,45.6215587,10.2855204,Caino
Santa Maria Ausiliatrice,46.0685316,11.4578792,Torcegno
Chiesetta San Antonio,45.5071691,11.4244018,Montecchio Maggiore-Alte Ceccato
Chiesa dei Santi Nazario e Celso,45.6172012,10.5121198,Salo
Eremo di San Giorgio,45.6310551,10.3002261,Caino
Chiesa del Rosario,45.7054165,11.4785352,Thiene
Parrocchia di San Gaetano in Santa Maria Assunta Duomo di Thiene,45.7058104,11.4779314,Thiene
Oratorio della Nativita della Beata Vergine Maria,45.7069724,11.4790638,Thiene
Chiesa parrocchiale di Posina,45.7904910,11.2619216,Posina
Chiesa di Sant'Antonio,45.9550562,10.3013965,Breno
Chiesa di Sorio,45.3926373,11.0456764,San Giovanni Lupatoto
Chiesa di Santa Maria al Ponte,45.9461733,10.2783286,Malegno
Chiesa di Santo Stefano,45.9451513,10.2795357,Malegno
Chiesa parrocchiale di San Michele Nuovo,45.3582848,11.5081676,Sossano
Chiesa di San Bernardo,45.7707039,10.2685424,Irma
Chiesa di Santa Maria della Purificazione,45.9889428,10.3433018,Braone
Chiesa di San Bartolomeo,45.7897853,10.7478306,Pieve
Chiesa di San Giuseppe,45.5993864,10.2196908,Concesio
Chiesetta degli Alpini,45.9895754,10.3785921,Ceto
Chiesa di Santa Maria Assunta,46.0244078,10.3646325,Cimbergo
Santuario Beata Mamma Rosa,45.5392132,11.6316217,Marola
Chiesa di Lerino,45.5199939,11.6407435,Torri di Quartesolo
Chiesa di Sant'Emiliano,45.5025491,10.4957548,Padenghe sul Garda
Chiesa di Santa Elisabetta,45.5362848,10.4943049,Polpenazze del Garda
Pieve di Santa Stefania,45.5357895,10.3883913,Nuvolento
Duomo di San Vitale,45.5053137,11.4090066,Montecchio Maggiore-Alte Ceccato
Chiesa della Santissima Trinita,45.5241867,11.3970072,Montecchio Maggiore-Alte Ceccato
Chiesa di San Giovanni Battista,45.9919376,10.2632390,Lozio
Chiesa Parocchiale di Pressana,45.2867918,11.4024558,Pressana
Chiesa Parochiale di Caselle di Pressana,45.2755334,11.3653112,Cologna Veneta
Chiesa di San Michele,45.6238066,10.1939478,Villa Carcina
San Lorenzo diacono,46.0551411,11.6153194,Cinte Tesino
Ex Monastero di San Bartolomeo,45.5836693,10.3565403,Serle
Chiesa Parocchiale di Veronella,45.3214458,11.3256401,Veronella
Chiesa di Maria Madre della Chiesa,45.5740386,10.2282468,Collebeato
San Rocco,46.0609457,11.6308063,Castello Tesino
Chiesa di Sant'Antonio di Padova,45.5810666,10.1947968,Cellatica
Chiesa di San Cesario,45.5817974,10.2900865,Nave
Chiesetta di San Carlo,45.6554814,10.2151152,Sarezzo
Santuario della Madonna di Calvarola,45.5884419,10.2130954,Collebeato
Chiesa di Sant'Apollonio,45.6514772,10.2785086,Lumezzane
Chiesa dei Santi Ippolito e Cassiano,46.0656169,11.6307764,Castello Tesino
chiesa di San Giorgio,46.0648101,11.6337319,Castello Tesino
Chiesa di San Sebastiano,45.6485842,10.2661910,Lumezzane
Chiesa della Torricella,46.0652118,11.6330599,Castello Tesino
Chiesa di San Giacomo Maggiore,45.6255318,10.2022214,Villa Carcina
Madonna di Lourdes,46.0594520,11.6921251,Lamon
Chiesa della Maternita di Maria,45.6466923,10.2019230,Villa Carcina
Chiesa morti del Bronzino,45.3980016,10.5313760,Solferino
Chiesa di Santa Maria della Carita,45.5397609,10.2238354,Brescia
Chiesa di San Gaetano da Thiene,45.5486882,11.5468452,Vicenza
Chiesa di Santo Stefano,45.5491420,11.5466252,Vicenza
Chiesa di San Rocco,45.5495899,11.5359796,Vicenza
Chiesa di San Filippo Neri,45.5468730,11.5423521,Vicenza
Chiesa di Santa Corona,45.5493707,11.5480897,Vicenza
Chiesa del Santissimo Redentore,46.0119315,11.3016497,Levico Terme
Chiesa di San Rocco,45.6069859,10.3818322,Case Nuove
Chiesa di Santa Maria della Rosa,45.4057533,10.4986814,Castiglione delle Stiviere
Santuario della Madonna del Mangher,45.6134781,10.3791263,Case Nuove
Chiesetta di Sant'Anna,45.5344214,10.2537590,Brescia
Chiesa di San Bartolomeo,45.5643081,10.3086022,Botticino
Sala Parrocchiale Don Arcangelo Tadini,45.5400605,10.3037918,Botticino
Chiesa dei Santi Filippo e Giacomo,45.5844517,10.4383013,Gavardo-Sopraponte
Chiesa di San Carlo,45.5679124,10.4199936,Prevalle
Chiesa di San Gaetano,45.5753547,10.3412605,Serle
Chiesa di San Michele Arcangelo,45.5408466,10.2021431,Brescia
Chiesa di Santa Croce in San Giacomo Martire - Carmini,45.5513331,11.5389715,Vicenza
Cinema Odeon,45.5484837,11.5483413,Vicenza
ex Chiesa dei Santi Filippo e Giacomo,45.5480767,11.5447066,Vicenza
Chiesa di San Daniele,45.3834536,11.4001227,Lonigo
Chiesa dei Santi Angeli Custodi,45.5656545,10.3640080,Serle
Chiesa di San Pietro in Vincoli,45.5612426,10.3679958,Serle
Chiesa della Santissima Annunziata,45.5622736,10.3689975,Serle
San Valentino,45.2572476,10.7355516,Roverbella
Madonna della Rocca,45.6303595,10.4966952,Roe
Chiesa Parrocchiale,46.0090655,10.1539330,Schilpario
Chiesetta di Santa Elisabetta,46.0097386,10.1656191,Schilpario
Chiesa di San Faustino al Monte,45.5387391,10.3146447,Botticino
Chiesa di San Lorenzo,45.6127236,11.4524580,Castelnovo
Chiesa di Terrassa Padovana,45.2460490,11.9020378,Terrassa Padovana
Santuario Beata Vergine della Misericordia,45.2521012,11.9125766,Terrassa Padovana
Chiesa di Casalserugo,45.3171845,11.9138024,Casalserugo
Chiesa di Bertipaglia,45.3152436,11.8834404,Bertipaglia
Chiesa di Pieve di Santa Maria,45.3205893,11.8651683,Masera di Padova
Chiesa di Masera di Padova,45.3216774,11.8612200,Masera di Padova
Oratorio della Beata Vergine del Rosario,45.3331709,11.8273116,Terradura
Abbazia di Santo Stefano,45.2864950,11.8248114,Due Carrare
Chiesa di San Biagio in Cornegliana,45.3032922,11.8526376,Masera di Padova
Chiesa di San Giorgio,45.2924211,11.8218473,Due Carrare
Oratorio M V dell'Annunciata,45.2942484,11.8358644,Due Carrare
Chiesetta della Beata Vergine del Rosario,45.2891092,11.9657751,Polverara
Chiesa di San Rocco,45.6986557,11.4839282,Thiene
Chiesa dei Santi Pietro e Paolo,45.3200238,11.4943347,Poiana Maggiore
Chiesa di San Fermo Maggiore,45.4391927,10.9999896,Verona
Chiesa di Santa Maria in Organo,45.4443891,11.0046196,Verona
Chiesetta dell'Olmo,45.3583272,11.5102368,Sossano
Chiesa di San Martino Vescovo,45.3857501,11.4708741,San Germano dei Berici
Chiesa Parocchiale di Pilastro,45.3323399,11.4907027,Sossano
Madonna della Neve,45.3135340,11.5392725,Noventa Vicentina
Chiesa Parocchiale di San Pietro,45.3362515,11.5398642,Campiglia dei Berici
Vecchio Oratorio,45.3568194,11.2805308,Arcole
Santuario della Madonna di Monte Berico,45.5349917,11.5454916,Vicenza
Oratorio della Santissima Trinita,45.2556638,11.7977717,Pernumia
Chiesa di San Leonardo,45.5363167,11.9704286,Borgoricco-San Michele delle Badesse-Sant'Eufemia
Chiesa di San Michele delle Badesse,45.5355773,11.9370886,Borgoricco-San Michele delle Badesse-Sant'Eufemia
Chiesa della Purificazione della Beata Vergine Maria,45.5943299,11.9441294,Loreggia
Scuola della Carita,45.4050308,11.8810540,Padova
Chiesa di Villanova di Camposampiero,45.4919498,11.9719717,Villanova
Chiesa di Camposampiero,45.5658260,11.9322267,Camposampiero
Santuario del Noce,45.5760656,11.9321706,Camposampiero
Santuario della Visione,45.5739714,11.9318020,Camposampiero
Madonna della Salute,45.5714524,11.9313517,Camposampiero
Chiesa di San Pietro in Gu,45.6137436,11.6705430,San Pietro in Gu
chiesetta di San Michele,45.5999763,11.6580140,San Pietro in Gu
Chiesa di Santa Maria Assunta,45.6292021,11.6987476,Carmignano di Brenta
Chiesetta di Sant'Anna,45.6299401,11.6886936,Carmignano di Brenta
Chiesa del Torresino,45.6467050,11.7835770,Cittadella
Chiesa di Pieve di San Donato,45.6313837,11.7911245,Cittadella
Chiesa regolare di San Francesco,45.6499600,11.7901428,Cittadella
Duomo,45.6491424,11.7839981,Cittadella
Oratorio Ca' Moro,45.6787664,11.7744241,Belvedere
Chiesa di Sant'Antonio da Padova,45.9816265,10.2605695,Lozio
Chiesa Mottinello,45.6845121,11.8082905,Rossano Veneto
Chiesa di San Fermo,45.9593386,10.1695935,Borno
Chiesa San Bartolomeo,45.4423518,11.7597122,Mestrino
Parrocchia di Lissaro,45.4603205,11.7449812,Mestrino
Il Capitello delle Due Albere,45.5832167,11.7391359,Grantorto
Chiesa della Beata Vergine Maria Assunta,45.7352633,10.9413567,Avio
Chiesa dei Santi Cosma e Damiano,45.9345294,10.2367432,Ossimo Superiore
Chiesa di Campagnalta della Madonna di Lourdes,45.6695411,11.8548413,San Martino di Lupari
Chiesa di San Martino di Lupari,45.6473578,11.8551220,San Martino di Lupari
Chesa di Santa Giustina,45.5636903,11.9070665,Santa Giustina in Colle
Chiesa di Abbazia Pisani,45.6170566,11.8543672,Abbazia Pisani
Chiesa parrocchiale Santa Giuliana e Giuseppe,45.5881096,11.8576448,Villa del Conte
Chiesetta Marcon,45.5769100,11.8655296,Villa del Conte
Chiesa di San Massimo,45.6066786,11.8801236,Abbazia Pisani
Chiesa di Lobia,45.5833425,11.7936493,San Giorgio in Bosco
Chiesa di San Martino,45.5840352,11.7057902,Gazzo
Chiesa di Villalta,45.5799454,11.6812247,Gazzo
Chiesetta Vecchia di Villalta,45.5793192,11.6812163,Gazzo
Chesa di Carturo,45.5874515,11.7463332,Grantorto
Chiesa di Isola Mantegna,45.5704873,11.7309916,Gazzo
Chiesa di Presina,45.5603356,11.7519382,Piazzola sul Brenta
Oratorio San Benigno,45.5431030,11.7870453,Piazzola sul Brenta
Tempio a Silvestro Camerini,45.5434240,11.7845248,Piazzola sul Brenta
Chiesa di Busiago,45.5640427,11.8364112,Campo San Martino
Chiesa parrochiale di Campo San Martino,45.5476040,11.8100404,Campo San Martino
Santuario dei Morti di Barbaine,45.7345189,10.3546135,Pertica Alta
Chiesa dell'Ausiliatrice,46.0283365,11.3751422,Novaledo
Ex Chiesa di Sant'Agostino,46.0876951,10.3438849,Berzo
Chiesa Sacro Cuore di Gesu,45.5180100,11.8851165,Cavino
Chiesa di Arsego,45.5433556,11.8769687,San Giorgio delle Pertiche
Chiesa di San Giorgio delle Pertiche,45.5419425,11.9107024,San Giorgio delle Pertiche
Chiesa di San Gaetano,45.5246472,10.2731586,Buffalora-Bettole
Chiesa Madonna di Tessara,45.5151464,11.8441509,Santa Maria di Non
Chiesetta di Santa Maria,45.5146819,11.9270255,Campodarsego
Chiesa parocchiale di Bevadoro,45.5106068,11.7419940,Campodoro
Chiesa di Selva di Trissino,45.5805948,11.3111987,Nogarole Vicentino
Chiesa Parrocchiale di Santa Cecilia,45.4945967,11.7974354,Villafranca Padovana
Chiesa di Taggi di Sopra,45.4697363,11.8144821,Taggi
San Nicola,45.6150531,11.2497772,Altissimo
Santa Caterina,45.6174387,11.2614450,Altissimo
San Macario,45.6074870,11.2571994,Altissimo
Chiesa del Sacro Cuore,45.9834683,11.2393077,Centa San Nicolo
Oraorio San Gaetano,45.4702183,11.9629196,Pionca
Parrocchia SS Vincenzo e Anastasio,45.4444089,11.9690969,Vigonza
Chiesa di San Vito,45.4189516,11.9597171,San Vito
Chiesa di Santa Maria,45.8966965,10.2184973,Sacca
San Biagio,45.4894060,11.3613193,Montorso Vicentino
Capitello del fante,45.4857664,11.3486138,Montorso Vicentino
Chiesa di Limena,45.4767188,11.8483483,Limena
Chiesa di Noventa Padovana,45.4140840,11.9499315,Noventa
Chiesa Santi Simone e Giuda,45.3834684,11.9704731,Villatora
Chiesa di San Martino,45.3702689,11.9847449,Saonara
Oratorio di Santa Eurosia,45.4314088,11.6902654,Cervarese Santa Croce
"Santa Maria del Carmine detta ""del Crivelli""",45.4153302,11.7322343,Saccolongo
Chiesa di San Pietro Apostolo,45.4625230,11.3366223,Gambellara
San Michele Arcangelo,45.4731936,11.3686308,Zermeghedo
Chiesa S. Maria Annunziata,45.4667262,11.3580198,Zermeghedo
Chiesetta di Sant'Antonio,46.0843033,10.9933156,Vezzano
Chiesa di Rubano - Santa Maria Assunta,45.4278887,11.7870166,Rubano
Chiesa di San Fidenzio Vescovo - Sarmeola,45.4209202,11.8179452,Sarmeola
Chiesa di Villaguattera,45.4445585,11.8166482,Villaguattera
Parrocchia di Bosco di Rubano,45.4432969,11.7961650,Bosco
San Sebastiano,45.6125479,11.3483793,Cornedo Vicentino
Auditorium San Michele,45.3964577,11.7824006,Selvazzano Dentro
Chiesa di Selvazzano,45.3953929,11.7826745,Selvazzano Dentro
San Bartolomeo Apostolo,45.3910082,11.8096212,Tencarola
San Domenico,45.3859263,11.7988031,Selvazzano Dentro
chiesetta San Rocco,45.5680030,11.3817424,Trissino
Chiesa di San Vito,45.5720750,10.3081825,Nave
Chiesa di San Giuseppe,45.3152295,11.7755096,Montegrotto Terme
Duomo di San Pietro Apostolo,45.3312085,11.7863916,Montegrotto Terme
San Gregorio Barbarigo,45.3256310,11.8052288,Terradura
San Pietro Apostolo,45.3321912,11.7842765,Montegrotto Terme
Santissimo Rosario,45.3169238,11.7851726,Montegrotto Terme
Chiesa vecchia di San Giacomo,45.2882734,11.7850026,Battaglia Terme
Cappella del cimitero,45.2837274,11.7846809,Battaglia Terme
Chiesa nuova di San Giacomo,45.2876550,11.7815335,Battaglia Terme
Cappella di Sant'Elena,45.2846279,11.7770564,Battaglia Terme
Canonica,45.2876725,11.7812143,Battaglia Terme
Patronato,45.2875987,11.7807391,Battaglia Terme
Oratorio della Santa Croce,45.4253728,11.6850745,Cervarese Santa Croce
Chiesa di Pieve di San Lorenzo,45.2935348,11.7230741,Galzignano
Chiesa di San Lorenzo,45.2910006,11.7303778,Galzignano
Madonna dell'Orsara,45.3135685,11.7021893,Galzignano
Chiesa S. Maria Assunta,45.3085290,11.7299933,Galzignano
Chiesa di San Sabino,45.3284984,11.7196275,Torreglia
Chiesa Sacro Cuore,45.3359473,11.7289032,Torreglia
Chiesa di Ronchi del Volo,45.3035652,11.9015348,Casalserugo
Chiesa di Bastia,45.3846171,11.6518417,Bastia
Chiesa di San Giorgio,45.3662912,11.6634753,Bastia
Chiesa di San Giovanni Battista,45.3624178,11.6394048,Bastia
Chiesa di San Pietro di Alcantara,46.0763485,11.2285403,Madrano-Canzolino
Chiesa,45.4455062,11.0418717,Montorio
Chiesa di San Francesco di Paola,46.0652265,10.4192955,Saviore
S.ROCCO,45.5826123,10.4370162,Gavardo-Sopraponte
Santa Maria Nascente,45.5137219,11.4569116,Tavernelle
Chiesa dei Santi Gervasio e Protasio,45.6794527,10.4986683,Vobarno
Santa Agata,46.0693280,11.5283207,Strigno
Chiesa di San Rocco,45.7179773,10.2660233,Lodrino
Santel di Santa Croce,45.7088154,10.2731455,Villa
Monumento al Redentore,46.0916005,11.2337410,Madrano-Canzolino
Chiesa di San Vigilio,45.7189201,10.2738356,Lodrino
Chiesa dei Santi Sebastiano e Fabiano,45.5960968,10.1356135,Ronco
Pinacoteca Internazionale dell'Eta Evolutiva Aldo Cibaldi,45.5162161,10.3169975,Rezzato
Chiesa del Buon Pastore,45.5335977,10.2387849,Brescia
Chiesa della Madonna delle Grazie,45.5844817,11.4560327,Gambugliano
Chiesa di San Pio X,45.5456996,11.5682219,Vicenza
Chiesa parrocchiale di San Paolo apostolo,45.5577507,11.5355789,Vicenza
San Giuseppe,46.0515252,11.4100154,Roncegno
Chiesa di Santa Maria della Noce,45.5179545,10.1777380,Roncadelle
Chiesa di Santa Maria Assunta,45.5311406,10.1876293,Brescia
Chiesa di San Bernardino da Siena,46.0687369,10.4293258,Saviore
Chiesa di Santa Maria Annunciata,45.4767607,10.2405584,Borgosatollo
Chiesa di Santa Maria della strada,45.5475725,10.1534371,Roncadelle
Chiesa dei Santi Bernardino e Chiara,45.5436795,11.5496334,Vicenza
Santuario della Beata Vergine delle Cendrole,45.7346303,11.8957865,Riese Pio X
San Carlo,45.5321043,10.5121132,Soiano
Chiesa di Sant'Antonio di Padova,46.0450334,11.1049853,Ravina
chiesa di San Pantaleone,46.0735300,11.1621058,Povo
Chiesa di San Cristoforo,45.5699095,10.2486071,Bovezzo
Chiesa di San Francesco d'Assisi,45.5822212,10.2728559,Nave
Chiesa di Sant'Antonio,45.7126112,10.4623519,Trebbio
Antico oratorio di San Giuseppe,45.8889377,10.7328866,Pieve di Ledro
Chiesa di San Giorgio,45.7018359,11.2047016,Recoaro Terme
Chiesa di San Pietro in Bosco,45.7472226,10.9900340,Ala
Chiesa di San Bernardo,45.6640158,10.2393695,San Sebastiano
Chiesa di San Vitale,45.6126199,11.4589871,Castelnovo
Chiesetta di San Maurizio,45.6251514,10.3974059,Vallio Terme
Rotonda di Santa Maria di Valverde,45.5237464,10.3144774,Botticino
Chiesa della Sacra Famiglia,45.5290250,10.3061251,Botticino
Santuario della Madonna di Valverde,45.5236548,10.3144883,Botticino
Chiesa di San Pietro,45.5186552,10.3164416,Rezzato
Chiesa di San Valentino,45.9530298,10.3072713,Breno
Chiesa parrocchiale di Sovizzo Colle,45.5299534,11.4237747,Sovizzo
S. Antonio,45.5821576,11.4039142,Castelgomberto
Chiesa di Leguzzano,45.6738233,11.3514709,Monte di Malo
Santuario Maria Salus Infirmorum,45.6533743,11.4073343,Malo
Cappella privata,45.6566459,11.4095893,Malo
Chiesa Santa Maria Maddalena,45.6824003,11.3819711,San Vito di Leguzzano
Chiesa di San Nicola da Tolentino,45.5421318,10.3256316,Botticino
Chiesa San Sebastiano,45.6267436,11.5726761,Dueville
Chiesetta di San Michele,45.6159821,11.5020601,Caldogno-Rettorgole-Cresole
Chiesa della Santissima Trinita,45.5531718,10.3062406,Botticino
Chiesa della Nativita della Beata Vergine,45.5495295,10.2329180,Brescia
Ex Chiesa del Monastero di Sant'Eufemia,45.5241551,10.2675800,Buffalora-Bettole
Chiesa di san Gregorio,45.6558692,10.7244756,San Zeno di Montagna
Chiesa di Santa Maria,45.5693523,10.2411793,Bovezzo
Chiesa di San Lorenzo,45.5326395,10.3698767,Nuvolera
Chiesa,46.0130913,10.1387393,Schilpario
Antica Chiesa di San Gaetano,45.3952046,11.9171875,Ponte San Nicolo
Chiesa di San Giacomo Apostolo,45.9150939,10.3671976,Prestine
Chiesa di San Martino,45.9378926,10.3132643,Prestine
Chiesa di San Gaetano Thiene,45.5204662,11.3343622,Arzignano
Chiesa di San Girolamo,45.5227103,11.3335286,Arzignano
Chiesa di Sant'Antonio di Padova,45.5493402,10.1705539,Fantasina
Chiesa di San Rocco,45.3081540,10.3232648,Isorella
Chiesa di San Giovanni Bosco,45.3061236,10.3247261,Isorella
Chiesa di Santa Maria Annunciata,45.3081849,10.3223230,Isorella
Chiesetta di Santa Maria in Valbona,45.3106020,10.3184686,Isorella
San Antonio Abate,45.5479689,11.2767682,Chiampo
Chiesa di Sant'Antonio Abate,45.6949398,10.3180937,Casto
Chiesa dell'Assunzione della Beata Vergine Maria e Sant'Emiliano,45.2533519,10.4787035,Casaloldo
Chiesa Santi Pietro e Paolo Apostoli,45.4800013,11.6886442,Grisignano di Zocco
Chiesa dei Santi Siro e Libera,45.4474335,11.0021781,Verona
Chiesetta di San Carlo,45.5080003,10.3118486,Rezzato
Chiesa di Costozza,45.4703145,11.6080878,Longare
Chiesa di San Carlo,45.5454443,10.2062582,Brescia
Chiesa,45.4580212,11.4722269,Pederiva
Chiesa di Sant'Andrea,45.9514940,10.2705945,Malegno
Chiesa di Sant'Antonio,45.5881103,10.1493221,Piazza
Chiesa di San Giuseppe,45.5911584,10.1619224,Piazza
Chiesa di San Giuseppe,45.6224610,10.1412288,San Zenone
Chiesa di Sant'Antonio di Padova,45.5226062,10.2272206,Brescia
Chiesa di San Rocco,45.6468001,10.5022493,Vobarno
Chiesa Santo Stefano,45.4573906,10.3832112,Calcinato
Chiesa di San Giovanni,46.0211705,10.3642005,Cimbergo
Chiesa di Sant'Antonio Abate,45.6201107,10.5533791,Gardone Riviera
Chiesa di Sant'Antonio di Padova,45.5528801,10.1910775,Fantasina
Chiesa di Sant'Andrea,45.6575084,10.3415689,Agnosine
Pieve di Comella,45.2471990,10.2058251,Pralboino
Chiesa di Sant'Antonio Abate,45.5284860,10.4606629,Carzago Riviera
Chiesa di Sant'Agata,46.0704742,11.1578569,Povo
Chiesa di Sant'Ilario Nuova,45.9111868,11.0419485,Villa Lagarina
Santuario di S. Rocco o dei Morti della Fossetta,45.4067432,10.2835783,Ghedi
Chiesa di San Rocco,45.9934677,11.2201564,Vattaro
Chiesa di San Lorenzo,45.5944235,10.1535117,Piazza
Chiesa di Perarolo,45.4755320,11.4994859,Zovencedo
Oratorio di San Gaetano,45.4071907,11.5384458,Barbarano Vicentino
Chiesa parrcchiale di Montemezzo,45.5535430,11.4343117,Monteviale
Chiesa Parrocchiale di Gambugliano,45.5878148,11.4370409,Gambugliano
Chiesa di San Michele,45.5561903,11.6461722,Marola
Chiesa arcipretale di San Michele Arcangelo,45.4719324,11.4592960,Brendola
Chiesa di Santo Stefano,45.4585565,11.4467692,Brendola
Madonna dei Prati,45.4700049,11.4383861,Brendola
Chiesa di Grancona,45.4219463,11.4522813,Grancona
Chiesa parrocchiale di Santa Maria Annunziata,45.4347197,11.5794770,Ponte di Nanto
chiesa dei santi Felice e Adauto,45.5851600,10.5479246,San Felice del Benaco
Chiesa della Madonnina,45.3884277,10.4053993,Montichiari
Santa Lucia,45.7973025,11.0155617,Ala
Chiesa cristina evengelic,45.4291975,11.9023655,Padova
Duomo Santi Giovanni e Paolo,45.3521024,10.8454234,Villafranca di Verona
Tempio della Gioventu,45.7242207,11.7637934,Rosa
Chiesa e convento di Santa Lucia,45.5542080,11.5532201,Vicenza
Chiesa di San Michele,45.8434368,10.5517113,Lodrone-Darzo
Chiesa di Maria Immacolata,45.5864069,10.2880613,Nave
Chiesetta della Madonna Annunciata,45.5862633,10.2877667,Nave
Chiesetta di San Rocco,45.5863423,10.2883968,Nave
Chiesa di Santa Maria dei Servi,45.5474795,11.5480666,Vicenza
Chiesa di Sant'Antonio Abate,45.5747092,10.2397808,Bovezzo
Chiesa di San Bartolamio,45.3082993,11.3870818,Cologna Veneta
Parrocchia San Marco Evangelista,45.5659113,11.9300914,Camposampiero
Chiesa di San Lorenzo,45.4167013,11.7204474,Veggiano
Eremo Santa Maria Annunziata del Rua,45.3186054,11.7117361,Galzignano
Chiesa di San Vigilio,45.7189201,10.2738356,Lodrino
Chiesa di San Zenone ed Eurosia,45.5974236,10.1366088,Ronco
Chiesa di Santa Maria Assunta,45.5277409,10.1835815,Roncadelle
Chiesa e convento di San Pancrazio,45.4015205,11.5657326,Ponte di Barbarano
Chiesa di Sant'Andrea,45.9514940,10.2705945,Malegno
Duomo di Santa Maria Maggiore,45.3952989,11.2699685,San Bonifacio
